ID,MONTHS_BALANCE,STATUS,TARGET
5001711,0,X,Good
5001711,-1,0,Good
5001711,-2,0,Good
5001711,-3,0,Good
5001712,0,C,Good
5001712,-1,C,Good
5001712,-2,C,Good
5001712,-3,C,Good
5001712,-4,C,Good
5001712,-5,C,Good
5001712,-6,C,Good
5001712,-7,C,Good
5001712,-8,C,Good
5001712,-9,0,Good
5001712,-10,0,Good
5001712,-11,0,Good
5001712,-12,0,Good
5001712,-13,0,Good
5001712,-14,0,Good
5001712,-15,0,Good
5001712,-16,0,Good
5001712,-17,0,Good
5001712,-18,0,Good
5001713,0,X,Good
5001713,-1,X,Good
5001713,-2,X,Good
5001713,-3,X,Good
5001713,-4,X,Good
5001713,-5,X,Good
5001713,-6,X,Good
5001713,-7,X,Good
5001713,-8,X,Good
5001713,-9,X,Good
5001713,-10,X,Good
5001713,-11,X,Good
5001713,-12,X,Good
5001713,-13,X,Good
5001713,-14,X,Good
5001713,-15,X,Good
5001713,-16,X,Good
5001713,-17,X,Good
5001713,-18,X,Good
5001713,-19,X,Good
5001713,-20,X,Good
5001713,-21,X,Good
5001714,0,X,Good
5001714,-1,X,Good
5001714,-2,X,Good
5001714,-3,X,Good
5001714,-4,X,Good
5001714,-5,X,Good
5001714,-6,X,Good
5001714,-7,X,Good
5001714,-8,X,Good
5001714,-9,X,Good
5001714,-10,X,Good
5001714,-11,X,Good
5001714,-12,X,Good
5001714,-13,X,Good
5001714,-14,X,Good
5001715,0,X,Good
5001715,-1,X,Good
5001715,-2,X,Good
5001715,-3,X,Good
5001715,-4,X,Good
5001715,-5,X,Good
5001715,-6,X,Good
5001715,-7,X,Good
5001715,-8,X,Good
5001715,-9,X,Good
5001715,-10,X,Good
5001715,-11,X,Good
5001715,-12,X,Good
5001715,-13,X,Good
5001715,-14,X,Good
5001715,-15,X,Good
5001715,-16,X,Good
5001715,-17,X,Good
5001715,-18,X,Good
5001715,-19,X,Good
5001715,-20,X,Good
5001715,-21,X,Good
5001715,-22,X,Good
5001715,-23,X,Good
5001715,-24,X,Good
5001715,-25,X,Good
5001715,-26,X,Good
5001715,-27,X,Good
5001715,-28,X,Good
5001715,-29,X,Good
5001715,-30,X,Good
5001715,-31,X,Good
5001715,-32,X,Good
5001715,-33,X,Good
5001715,-34,X,Good
5001715,-35,X,Good
5001715,-36,X,Good
5001715,-37,X,Good
5001715,-38,X,Good
5001715,-39,X,Good
5001715,-40,X,Good
5001715,-41,X,Good
5001715,-42,X,Good
5001715,-43,X,Good
5001715,-44,X,Good
5001715,-45,X,Good
5001715,-46,X,Good
5001715,-47,X,Good
5001715,-48,X,Good
5001715,-49,X,Good
5001715,-50,X,Good
5001715,-51,X,Good
5001715,-52,X,Good
5001715,-53,X,Good
5001715,-54,X,Good
5001715,-55,X,Good
5001715,-56,X,Good
5001715,-57,X,Good
5001715,-58,X,Good
5001715,-59,X,Good
5001717,0,C,Good
5001717,-1,C,Good
5001717,-2,C,Good
5001717,-3,C,Good
5001717,-4,C,Good
5001717,-5,0,Good
5001717,-6,0,Good
5001717,-7,0,Good
5001717,-8,0,Good
5001717,-9,0,Good
5001717,-10,0,Good
5001717,-11,0,Good
5001717,-12,0,Good
5001717,-13,0,Good
5001717,-14,0,Good
5001717,-15,0,Good
5001717,-16,0,Good
5001717,-17,0,Good
5001717,-18,0,Good
5001717,-19,0,Good
5001717,-20,0,Good
5001717,-21,0,Good
5001718,0,C,Good
5001718,-1,C,Good
5001718,-2,C,Good
5001718,-3,0,Good
5001718,-4,0,Good
5001718,-5,0,Good
5001718,-6,0,Good
5001718,-7,0,Good
5001718,-8,1,Good
5001718,-9,X,Good
5001718,-10,0,Good
5001718,-11,X,Good
5001718,-12,1,Good
5001718,-13,X,Good
5001718,-14,0,Good
5001718,-15,X,Good
5001718,-16,X,Good
5001718,-17,X,Good
5001718,-18,0,Good
5001718,-19,0,Good
5001718,-20,0,Good
5001718,-21,X,Good
5001718,-22,0,Good
5001718,-23,0,Good
5001718,-24,0,Good
5001718,-25,0,Good
5001718,-26,0,Good
5001718,-27,0,Good
5001718,-28,X,Good
5001718,-29,0,Good
5001718,-30,X,Good
5001718,-31,0,Good
5001718,-32,0,Good
5001718,-33,0,Good
5001718,-34,0,Good
5001718,-35,0,Good
5001718,-36,0,Good
5001718,-37,0,Good
5001718,-38,X,Good
5001719,0,C,Good
5001719,-1,C,Good
5001719,-2,C,Good
5001719,-3,C,Good
5001719,-4,C,Good
5001719,-5,C,Good
5001719,-6,C,Good
5001719,-7,C,Good
5001719,-8,C,Good
5001719,-9,C,Good
5001719,-10,C,Good
5001719,-11,C,Good
5001719,-12,C,Good
5001719,-13,C,Good
5001719,-14,C,Good
5001719,-15,C,Good
5001719,-16,C,Good
5001719,-17,C,Good
5001719,-18,C,Good
5001719,-19,C,Good
5001719,-20,C,Good
5001719,-21,C,Good
5001719,-22,C,Good
5001719,-23,C,Good
5001719,-24,C,Good
5001719,-25,C,Good
5001719,-26,C,Good
5001719,-27,C,Good
5001719,-28,C,Good
5001719,-29,C,Good
5001719,-30,C,Good
5001719,-31,C,Good
5001719,-32,C,Good
5001719,-33,C,Good
5001719,-34,C,Good
5001719,-35,C,Good
5001719,-36,C,Good
5001719,-37,C,Good
5001719,-38,C,Good
5001719,-39,C,Good
5001719,-40,C,Good
5001719,-41,0,Good
5001719,-42,0,Good
5001720,0,1,Good
5001720,-1,0,Good
5001720,-2,0,Good
5001720,-3,1,Good
5001720,-4,1,Good
5001720,-5,0,Good
5001720,-6,1,Good
5001720,-7,1,Good
5001720,-8,0,Good
5001720,-9,0,Good
5001720,-10,0,Good
5001720,-11,0,Good
5001720,-12,0,Good
5001720,-13,1,Good
5001720,-14,0,Good
5001720,-15,1,Good
5001720,-16,0,Good
5001720,-17,0,Good
5001720,-18,0,Good
5001720,-19,0,Good
5001720,-20,0,Good
5001720,-21,0,Good
5001720,-22,0,Good
5001720,-23,0,Good
5001720,-24,0,Good
5001720,-25,0,Good
5001720,-26,0,Good
5001720,-27,0,Good
5001720,-28,0,Good
5001720,-29,0,Good
5001720,-30,0,Good
5001720,-31,0,Good
5001720,-32,0,Good
5001720,-33,0,Good
5001720,-34,0,Good
5001720,-35,0,Good
5001723,0,X,Good
5001723,-1,X,Good
5001723,-2,X,Good
5001723,-3,X,Good
5001723,-4,X,Good
5001723,-5,X,Good
5001723,-6,X,Good
5001723,-7,X,Good
5001723,-8,X,Good
5001723,-9,X,Good
5001723,-10,X,Good
5001723,-11,X,Good
5001723,-12,X,Good
5001723,-13,X,Good
5001723,-14,X,Good
5001723,-15,X,Good
5001723,-16,X,Good
5001723,-17,X,Good
5001723,-18,X,Good
5001723,-19,X,Good
5001723,-20,X,Good
5001723,-21,X,Good
5001723,-22,0,Good
5001723,-23,0,Good
5001723,-24,0,Good
5001723,-25,0,Good
5001723,-26,0,Good
5001723,-27,0,Good
5001723,-28,0,Good
5001723,-29,0,Good
5001723,-30,X,Good
5001724,0,C,Good
5001724,-1,C,Good
5001724,-2,C,Good
5001724,-3,C,Good
5001724,-4,C,Good
5001724,-5,C,Good
5001724,-6,C,Good
5001724,-7,C,Good
5001724,-8,C,Good
5001724,-9,C,Good
5001724,-10,C,Good
5001724,-11,C,Good
5001724,-12,C,Good
5001724,-13,C,Good
5001724,-14,C,Good
5001724,-15,C,Good
5001724,-16,C,Good
5001724,-17,C,Good
5001724,-18,C,Good
5001724,-19,C,Good
5001724,-20,C,Good
5001724,-21,C,Good
5001724,-22,X,Good
5001724,-23,X,Good
5001724,-24,X,Good
5001724,-25,X,Good
5001724,-26,X,Good
5001724,-27,X,Good
5001724,-28,X,Good
5001724,-29,X,Good
5001724,-30,X,Good
5001725,0,0,Good
5001725,-1,0,Good
5001725,-2,0,Good
5001725,-3,0,Good
5001725,-4,0,Good
5001725,-5,0,Good
5001725,-6,0,Good
5001725,-7,X,Good
5001726,0,C,Good
5001726,-1,C,Good
5001726,-2,C,Good
5001726,-3,C,Good
5001726,-4,C,Good
5001726,-5,C,Good
5001726,-6,C,Good
5001726,-7,C,Good
5001726,-8,C,Good
5001726,-9,C,Good
5001726,-10,C,Good
5001726,-11,C,Good
5001726,-12,C,Good
5001726,-13,C,Good
5001726,-14,C,Good
5001726,-15,C,Good
5001726,-16,C,Good
5001726,-17,C,Good
5001726,-18,C,Good
5001726,-19,C,Good
5001726,-20,C,Good
5001726,-21,C,Good
5001726,-22,C,Good
5001726,-23,C,Good
5001726,-24,C,Good
5001726,-25,C,Good
5001726,-26,C,Good
5001726,-27,C,Good
5001726,-28,C,Good
5001726,-29,C,Good
5001726,-30,C,Good
5001726,-31,C,Good
5001726,-32,C,Good
5001726,-33,0,Good
5001726,-34,0,Good
5001726,-35,0,Good
5001726,-36,0,Good
5001726,-37,0,Good
5001726,-38,0,Good
5001728,0,0,Good
5001729,0,C,Good
5001729,-1,0,Good
5001729,-2,0,Good
5001729,-3,0,Good
5001729,-4,0,Good
5001729,-5,0,Good
5001729,-6,0,Good
5001730,0,C,Good
5001730,-1,C,Good
5001730,-2,C,Good
5001730,-3,C,Good
5001730,-4,C,Good
5001730,-5,C,Good
5001730,-6,C,Good
5001730,-7,C,Good
5001730,-8,C,Good
5001730,-9,C,Good
5001730,-10,C,Good
5001730,-11,C,Good
5001730,-12,C,Good
5001730,-13,C,Good
5001730,-14,C,Good
5001730,-15,C,Good
5001730,-16,C,Good
5001730,-17,C,Good
5001730,-18,C,Good
5001730,-19,C,Good
5001730,-20,C,Good
5001730,-21,C,Good
5001730,-22,C,Good
5001730,-23,C,Good
5001730,-24,C,Good
5001730,-25,C,Good
5001730,-26,C,Good
5001730,-27,C,Good
5001730,-28,C,Good
5001730,-29,C,Good
5001730,-30,C,Good
5001730,-31,C,Good
5001730,-32,C,Good
5001730,-33,C,Good
5001730,-34,C,Good
5001730,-35,C,Good
5001730,-36,C,Good
5001730,-37,C,Good
5001730,-38,C,Good
5001730,-39,C,Good
5001730,-40,C,Good
5001730,-41,C,Good
5001730,-42,C,Good
5001730,-43,C,Good
5001730,-44,C,Good
5001730,-45,C,Good
5001730,-46,C,Good
5001730,-47,C,Good
5001730,-48,C,Good
5001730,-49,C,Good
5001730,-50,C,Good
5001730,-51,C,Good
5001730,-52,C,Good
5001730,-53,C,Good
5001730,-54,C,Good
5001730,-55,C,Good
5001730,-56,0,Good
5001730,-57,0,Good
5001730,-58,0,Good
5001730,-59,0,Good
5001730,-60,0,Good
5001731,0,X,Good
5001731,-1,X,Good
5001731,-2,X,Good
5001731,-3,X,Good
5001731,-4,X,Good
5001731,-5,X,Good
5001731,-6,X,Good
5001731,-7,X,Good
5001731,-8,X,Good
5001731,-9,X,Good
5001731,-10,X,Good
5001732,0,X,Good
5001732,-1,X,Good
5001732,-2,X,Good
5001732,-3,X,Good
5001732,-4,X,Good
5001732,-5,X,Good
5001732,-6,X,Good
5001732,-7,X,Good
5001732,-8,X,Good
5001732,-9,X,Good
5001732,-10,X,Good
5001732,-11,X,Good
5001732,-12,X,Good
5001732,-13,X,Good
5001732,-14,X,Good
5001732,-15,X,Good
5001732,-16,X,Good
5001732,-17,X,Good
5001732,-18,X,Good
5001732,-19,X,Good
5001732,-20,X,Good
5001732,-21,X,Good
5001732,-22,X,Good
5001732,-23,X,Good
5001732,-24,X,Good
5001732,-25,X,Good
5001732,-26,X,Good
5001732,-27,X,Good
5001732,-28,X,Good
5001732,-29,X,Good
5001732,-30,X,Good
5001732,-31,X,Good
5001732,-32,X,Good
5001732,-33,X,Good
5001732,-34,X,Good
5001732,-35,X,Good
5001733,0,X,Good
5001733,-1,X,Good
5001733,-2,X,Good
5001733,-3,X,Good
5001733,-4,X,Good
5001733,-5,X,Good
5001733,-6,X,Good
5001733,-7,X,Good
5001733,-8,X,Good
5001733,-9,X,Good
5001733,-10,X,Good
5001734,0,0,Good
5001734,-1,0,Good
5001734,-2,0,Good
5001735,0,C,Good
5001735,-1,C,Good
5001735,-2,C,Good
5001735,-3,C,Good
5001735,-4,C,Good
5001735,-5,C,Good
5001735,-6,C,Good
5001735,-7,C,Good
5001735,-8,C,Good
5001735,-9,C,Good
5001735,-10,C,Good
5001735,-11,C,Good
5001735,-12,C,Good
5001735,-13,C,Good
5001735,-14,C,Good
5001735,-15,C,Good
5001735,-16,C,Good
5001735,-17,C,Good
5001735,-18,C,Good
5001735,-19,C,Good
5001735,-20,C,Good
5001735,-21,C,Good
5001735,-22,C,Good
5001735,-23,0,Good
5001736,0,C,Good
5001736,-1,C,Good
5001736,-2,C,Good
5001736,-3,C,Good
5001736,-4,C,Good
5001736,-5,C,Good
5001736,-6,C,Good
5001736,-7,C,Good
5001736,-8,C,Good
5001736,-9,C,Good
5001736,-10,C,Good
5001736,-11,C,Good
5001736,-12,C,Good
5001736,-13,C,Good
5001736,-14,C,Good
5001736,-15,C,Good
5001736,-16,C,Good
5001736,-17,C,Good
5001736,-18,C,Good
5001736,-19,C,Good
5001736,-20,0,Good
5001736,-21,0,Good
5001736,-22,0,Good
5001736,-23,0,Good
5001737,0,C,Good
5001737,-1,C,Good
5001737,-2,C,Good
5001737,-3,C,Good
5001737,-4,C,Good
5001737,-5,C,Good
5001737,-6,C,Good
5001737,-7,C,Good
5001737,-8,C,Good
5001737,-9,C,Good
5001737,-10,0,Good
5001737,-11,0,Good
5001737,-12,0,Good
5001737,-13,0,Good
5001737,-14,0,Good
5001737,-15,0,Good
5001737,-16,0,Good
5001737,-17,0,Good
5001737,-18,0,Good
5001737,-19,0,Good
5001737,-20,0,Good
5001737,-21,0,Good
5001738,0,C,Good
5001738,-1,C,Good
5001738,-2,C,Good
5001738,-3,C,Good
5001738,-4,C,Good
5001738,-5,C,Good
5001738,-6,C,Good
5001738,-7,C,Good
5001738,-8,C,Good
5001738,-9,C,Good
5001738,-10,C,Good
5001738,-11,C,Good
5001738,-12,C,Good
5001738,-13,C,Good
5001738,-14,C,Good
5001738,-15,C,Good
5001738,-16,C,Good
5001738,-17,C,Good
5001738,-18,C,Good
5001738,-19,C,Good
5001738,-20,C,Good
5001738,-21,C,Good
5001738,-22,C,Good
5001738,-23,C,Good
5001738,-24,C,Good
5001738,-25,C,Good
5001738,-26,C,Good
5001738,-27,C,Good
5001738,-28,C,Good
5001738,-29,C,Good
5001738,-30,C,Good
5001738,-31,C,Good
5001738,-32,0,Good
5001738,-33,0,Good
5001738,-34,0,Good
5001738,-35,0,Good
5001738,-36,0,Good
5001738,-37,0,Good
5001738,-38,0,Good
5001738,-39,0,Good
5001738,-40,0,Good
5001738,-41,0,Good
5001738,-42,0,Good
5001738,-43,0,Good
5001739,0,C,Good
5001739,-1,C,Good
5001739,-2,C,Good
5001739,-3,C,Good
5001739,-4,C,Good
5001739,-5,C,Good
5001739,-6,C,Good
5001739,-7,C,Good
5001739,-8,C,Good
5001739,-9,C,Good
5001739,-10,C,Good
5001739,-11,C,Good
5001739,-12,C,Good
5001739,-13,C,Good
5001739,-14,C,Good
5001739,-15,C,Good
5001739,-16,C,Good
5001739,-17,C,Good
5001739,-18,C,Good
5001739,-19,C,Good
5001739,-20,C,Good
5001739,-21,C,Good
5001739,-22,C,Good
5001739,-23,C,Good
5001739,-24,C,Good
5001739,-25,C,Good
5001739,-26,C,Good
5001739,-27,C,Good
5001739,-28,C,Good
5001739,-29,C,Good
5001739,-30,C,Good
5001739,-31,C,Good
5001739,-32,C,Good
5001739,-33,C,Good
5001739,-34,C,Good
5001739,-35,C,Good
5001739,-36,C,Good
5001739,-37,C,Good
5001739,-38,C,Good
5001739,-39,C,Good
5001739,-40,C,Good
5001739,-41,C,Good
5001739,-42,C,Good
5001739,-43,C,Good
5001739,-44,C,Good
5001739,-45,C,Good
5001739,-46,0,Good
5001739,-47,0,Good
5001739,-48,0,Good
5001739,-49,0,Good
5001739,-50,0,Good
5001739,-51,0,Good
5001739,-52,0,Good
5001739,-53,0,Good
5001739,-54,0,Good
5001739,-55,0,Good
5001739,-56,0,Good
5001739,-57,0,Good
5001742,0,C,Good
5001742,-1,C,Good
5001742,-2,C,Good
5001742,-3,C,Good
5001742,-4,C,Good
5001742,-5,C,Good
5001742,-6,C,Good
5001742,-7,C,Good
5001742,-8,C,Good
5001742,-9,C,Good
5001742,-10,C,Good
5001742,-11,C,Good
5001742,-12,C,Good
5001742,-13,C,Good
5001742,-14,C,Good
5001742,-15,C,Good
5001742,-16,C,Good
5001742,-17,C,Good
5001742,-18,C,Good
5001742,-19,C,Good
5001742,-20,C,Good
5001742,-21,C,Good
5001742,-22,C,Good
5001742,-23,C,Good
5001742,-24,C,Good
5001742,-25,C,Good
5001742,-26,C,Good
5001742,-27,C,Good
5001742,-28,C,Good
5001742,-29,C,Good
5001742,-30,C,Good
5001742,-31,C,Good
5001742,-32,C,Good
5001742,-33,C,Good
5001742,-34,C,Good
5001742,-35,C,Good
5001742,-36,0,Good
5001742,-37,0,Good
5001742,-38,0,Good
5001742,-39,0,Good
5001742,-40,X,Good
5001742,-41,0,Good
5001742,-42,0,Good
5001742,-43,0,Good
5001742,-44,0,Good
5001742,-45,0,Good
5001742,-46,0,Good
5001743,0,C,Good
5001743,-1,C,Good
5001743,-2,C,Good
5001743,-3,C,Good
5001743,-4,C,Good
5001743,-5,C,Good
5001743,-6,C,Good
5001743,-7,C,Good
5001743,-8,C,Good
5001743,-9,C,Good
5001743,-10,C,Good
5001743,-11,C,Good
5001743,-12,C,Good
5001743,-13,C,Good
5001743,-14,C,Good
5001743,-15,C,Good
5001743,-16,C,Good
5001743,-17,C,Good
5001743,-18,C,Good
5001743,-19,C,Good
5001743,-20,C,Good
5001743,-21,C,Good
5001743,-22,C,Good
5001743,-23,C,Good
5001743,-24,C,Good
5001743,-25,C,Good
5001743,-26,X,Good
5001743,-27,X,Good
5001743,-28,X,Good
5001743,-29,X,Good
5001743,-30,X,Good
5001743,-31,X,Good
5001743,-32,X,Good
5001743,-33,X,Good
5001743,-34,X,Good
5001743,-35,0,Good
5001743,-36,X,Good
5001743,-37,X,Good
5001743,-38,X,Good
5001743,-39,X,Good
5001743,-40,X,Good
5001744,0,C,Good
5001744,-1,C,Good
5001744,-2,C,Good
5001744,-3,C,Good
5001744,-4,C,Good
5001744,-5,C,Good
5001744,-6,C,Good
5001744,-7,C,Good
5001744,-8,C,Good
5001744,-9,C,Good
5001744,-10,C,Good
5001744,-11,C,Good
5001744,-12,C,Good
5001744,-13,C,Good
5001744,-14,C,Good
5001744,-15,C,Good
5001744,-16,C,Good
5001744,-17,C,Good
5001744,-18,C,Good
5001744,-19,C,Good
5001744,-20,C,Good
5001744,-21,C,Good
5001744,-22,C,Good
5001744,-23,C,Good
5001744,-24,0,Good
5001744,-25,0,Good
5001744,-26,0,Good
5001744,-27,0,Good
5001744,-28,0,Good
5001745,0,X,Good
5001745,-1,0,Good
5001745,-2,0,Good
5001745,-3,0,Good
5001745,-4,0,Good
5001745,-5,0,Good
5001745,-6,0,Good
5001745,-7,0,Good
5001745,-8,0,Good
5001745,-9,0,Good
5001745,-10,0,Good
5001746,0,X,Good
5001746,-1,0,Good
5001746,-2,0,Good
5001746,-3,0,Good
5001746,-4,0,Good
5001746,-5,0,Good
5001746,-6,0,Good
5001746,-7,0,Good
5001746,-8,0,Good
5001746,-9,0,Good
5001746,-10,0,Good
5001746,-11,0,Good
5001747,0,C,Good
5001747,-1,C,Good
5001747,-2,C,Good
5001747,-3,C,Good
5001747,-4,C,Good
5001747,-5,C,Good
5001747,-6,C,Good
5001747,-7,C,Good
5001747,-8,C,Good
5001747,-9,C,Good
5001747,-10,C,Good
5001747,-11,C,Good
5001747,-12,0,Good
5001747,-13,0,Good
5001747,-14,0,Good
5001747,-15,0,Good
5001747,-16,0,Good
5001747,-17,0,Good
5001747,-18,0,Good
5001747,-19,0,Good
5001747,-20,0,Good
5001747,-21,0,Good
5001747,-22,0,Good
5001747,-23,0,Good
5001747,-24,0,Good
5001747,-25,0,Good
5001747,-26,0,Good
5001747,-27,0,Good
5001748,0,C,Good
5001748,-1,C,Good
5001748,-2,C,Good
5001748,-3,C,Good
5001748,-4,C,Good
5001748,-5,C,Good
5001748,-6,C,Good
5001748,-7,C,Good
5001748,-8,C,Good
5001748,-9,C,Good
5001748,-10,C,Good
5001748,-11,C,Good
5001748,-12,C,Good
5001748,-13,C,Good
5001748,-14,C,Good
5001748,-15,C,Good
5001748,-16,C,Good
5001748,-17,C,Good
5001748,-18,C,Good
5001748,-19,C,Good
5001748,-20,C,Good
5001748,-21,C,Good
5001748,-22,C,Good
5001748,-23,C,Good
5001748,-24,C,Good
5001748,-25,C,Good
5001748,-26,C,Good
5001748,-27,C,Good
5001748,-28,0,Good
5001748,-29,0,Good
5001748,-30,0,Good
5001748,-31,0,Good
5001748,-32,0,Good
5001748,-33,0,Good
5001754,0,X,Good
5001754,-1,X,Good
5001754,-2,X,Good
5001754,-3,X,Good
5001754,-4,X,Good
5001754,-5,X,Good
5001754,-6,X,Good
5001754,-7,X,Good
5001754,-8,X,Good
5001754,-9,X,Good
5001754,-10,0,Good
5001754,-11,X,Good
5001755,0,C,Good
5001755,-1,C,Good
5001755,-2,C,Good
5001755,-3,C,Good
5001755,-4,C,Good
5001755,-5,C,Good
5001755,-6,0,Good
5001755,-7,0,Good
5001755,-8,0,Good
5001755,-9,0,Good
5001755,-10,0,Good
5001756,0,C,Good
5001756,-1,C,Good
5001756,-2,C,Good
5001756,-3,C,Good
5001756,-4,C,Good
5001756,-5,C,Good
5001756,-6,C,Good
5001756,-7,C,Good
5001756,-8,C,Good
5001756,-9,C,Good
5001756,-10,C,Good
5001756,-11,C,Good
5001756,-12,C,Good
5001756,-13,C,Good
5001756,-14,C,Good
5001756,-15,C,Good
5001756,-16,X,Good
5001756,-17,X,Good
5001756,-18,0,Good
5001757,0,0,Good
5001757,-1,0,Good
5001757,-2,0,Good
5001757,-3,1,Good
5001757,-4,X,Good
5001757,-5,0,Good
5001757,-6,0,Good
5001757,-7,0,Good
5001757,-8,0,Good
5001757,-9,X,Good
5001757,-10,0,Good
5001757,-11,X,Good
5001757,-12,0,Good
5001757,-13,X,Good
5001757,-14,0,Good
5001757,-15,0,Good
5001757,-16,X,Good
5001757,-17,X,Good
5001757,-18,0,Good
5001757,-19,0,Good
5001757,-20,X,Good
5001758,0,X,Good
5001758,-1,X,Good
5001758,-2,X,Good
5001758,-3,X,Good
5001758,-4,X,Good
5001758,-5,X,Good
5001758,-6,X,Good
5001758,-7,X,Good
5001758,-8,X,Good
5001758,-9,X,Good
5001758,-10,X,Good
5001758,-11,X,Good
5001758,-12,X,Good
5001758,-13,X,Good
5001758,-14,X,Good
5001758,-15,X,Good
5001758,-16,X,Good
5001758,-17,X,Good
5001758,-18,X,Good
5001758,-19,X,Good
5001758,-20,X,Good
5001758,-21,X,Good
5001758,-22,X,Good
5001758,-23,0,Good
5001758,-24,0,Good
5001758,-25,0,Good
5001758,-26,0,Good
5001758,-27,0,Good
5001758,-28,0,Good
5001758,-29,0,Good
5001758,-30,0,Good
5001758,-31,0,Good
5001758,-32,0,Good
5001758,-33,0,Good
5001758,-34,0,Good
5001758,-35,0,Good
5001758,-36,0,Good
5001758,-37,0,Good
5001758,-38,0,Good
5001758,-39,0,Good
5001758,-40,0,Good
5001758,-41,0,Good
5001758,-42,0,Good
5001758,-43,0,Good
5001758,-44,0,Good
5001758,-45,0,Good
5001758,-46,0,Good
5001759,0,C,Good
5001759,-1,C,Good
5001759,-2,C,Good
5001759,-3,C,Good
5001759,-4,0,Good
5001759,-5,0,Good
5001759,-6,0,Good
5001759,-7,0,Good
5001759,-8,0,Good
5001759,-9,0,Good
5001759,-10,0,Good
5001759,-11,0,Good
5001759,-12,0,Good
5001759,-13,0,Good
5001759,-14,0,Good
5001759,-15,0,Good
5001759,-16,0,Good
5001759,-17,0,Good
5001759,-18,0,Good
5001759,-19,X,Good
5001760,0,C,Good
5001760,-1,C,Good
5001760,-2,C,Good
5001760,-3,C,Good
5001760,-4,C,Good
5001760,-5,C,Good
5001760,-6,C,Good
5001760,-7,C,Good
5001760,-8,C,Good
5001760,-9,C,Good
5001760,-10,C,Good
5001760,-11,C,Good
5001760,-12,C,Good
5001760,-13,C,Good
5001760,-14,C,Good
5001760,-15,C,Good
5001760,-16,C,Good
5001760,-17,C,Good
5001760,-18,C,Good
5001760,-19,C,Good
5001760,-20,C,Good
5001760,-21,C,Good
5001760,-22,C,Good
5001760,-23,C,Good
5001760,-24,0,Good
5001760,-25,0,Good
5001760,-26,0,Good
5001760,-27,0,Good
5001760,-28,0,Good
5001760,-29,0,Good
5001765,0,C,Good
5001765,-1,C,Good
5001765,-2,C,Good
5001765,-3,C,Good
5001765,-4,C,Good
5001765,-5,C,Good
5001765,-6,C,Good
5001765,-7,C,Good
5001765,-8,C,Good
5001765,-9,C,Good
5001765,-10,C,Good
5001765,-11,C,Good
5001765,-12,C,Good
5001765,-13,C,Good
5001765,-14,C,Good
5001765,-15,C,Good
5001765,-16,C,Good
5001765,-17,C,Good
5001765,-18,C,Good
5001765,-19,C,Good
5001765,-20,C,Good
5001765,-21,C,Good
5001765,-22,C,Good
5001765,-23,C,Good
5001765,-24,C,Good
5001765,-25,C,Good
5001765,-26,0,Good
5001765,-27,0,Good
5001765,-28,0,Good
5001765,-29,0,Good
5001765,-30,0,Good
5001765,-31,0,Good
5001766,0,C,Good
5001766,-1,C,Good
5001766,-2,C,Good
5001766,-3,C,Good
5001766,-4,C,Good
5001766,-5,C,Good
5001766,-6,C,Good
5001766,-7,C,Good
5001766,-8,C,Good
5001766,-9,C,Good
5001766,-10,C,Good
5001766,-11,C,Good
5001766,-12,C,Good
5001766,-13,C,Good
5001766,-14,C,Good
5001766,-15,C,Good
5001766,-16,C,Good
5001766,-17,C,Good
5001766,-18,C,Good
5001766,-19,C,Good
5001766,-20,C,Good
5001766,-21,C,Good
5001766,-22,C,Good
5001766,-23,C,Good
5001766,-24,C,Good
5001766,-25,0,Good
5001767,0,X,Good
5001767,-1,X,Good
5001767,-2,X,Good
5001767,-3,X,Good
5001767,-4,X,Good
5001767,-5,X,Good
5001767,-6,X,Good
5001767,-7,X,Good
5001767,-8,X,Good
5001767,-9,X,Good
5001767,-10,X,Good
5001767,-11,X,Good
5001767,-12,X,Good
5001767,-13,0,Good
5001767,-14,0,Good
5001768,0,X,Good
5001768,-1,0,Good
5001768,-2,0,Good
5001768,-3,0,Good
5001768,-4,0,Good
5001768,-5,0,Good
5001768,-6,0,Good
5001768,-7,0,Good
5001769,0,X,Good
5001769,-1,X,Good
5001769,-2,X,Good
5001769,-3,X,Good
5001769,-4,X,Good
5001769,-5,X,Good
5001769,-6,0,Good
5001769,-7,0,Good
5001769,-8,0,Good
5001769,-9,0,Good
5001769,-10,0,Good
5001769,-11,0,Good
5001769,-12,0,Good
5001769,-13,0,Good
5001769,-14,0,Good
5001769,-15,0,Good
5001769,-16,0,Good
5001770,0,X,Good
5001770,-1,X,Good
5001770,-2,X,Good
5001770,-3,X,Good
5001770,-4,X,Good
5001770,-5,X,Good
5001770,-6,0,Good
5001770,-7,0,Good
5001770,-8,0,Good
5001770,-9,0,Good
5001770,-10,0,Good
5001770,-11,0,Good
5001770,-12,0,Good
5001770,-13,0,Good
5001770,-14,0,Good
5001770,-15,0,Good
5001770,-16,0,Good
5001771,0,X,Good
5001771,-1,0,Good
5001771,-2,0,Good
5001771,-3,0,Good
5001771,-4,0,Good
5001771,-5,0,Good
5001771,-6,0,Good
5001771,-7,0,Good
5001771,-8,0,Good
5001771,-9,0,Good
5001771,-10,0,Good
5001771,-11,0,Good
5001771,-12,0,Good
5001771,-13,0,Good
5001771,-14,0,Good
5001772,0,0,Good
5001772,-1,0,Good
5001772,-2,0,Good
5001772,-3,0,Good
5001772,-4,0,Good
5001772,-5,0,Good
5001772,-6,0,Good
5001772,-7,0,Good
5001772,-8,0,Good
5001772,-9,0,Good
5001772,-10,0,Good
5001772,-11,0,Good
5001772,-12,0,Good
5001772,-13,0,Good
5001772,-14,0,Good
5001772,-15,0,Good
5001772,-16,0,Good
5001772,-17,0,Good
5001772,-18,0,Good
5001772,-19,0,Good
5001772,-20,0,Good
5001772,-21,0,Good
5001772,-22,0,Good
5001773,0,C,Good
5001773,-1,C,Good
5001773,-2,C,Good
5001773,-3,C,Good
5001773,-4,C,Good
5001773,-5,C,Good
5001773,-6,C,Good
5001773,-7,0,Good
5001773,-8,0,Good
5001773,-9,0,Good
5001773,-10,0,Good
5001773,-11,0,Good
5001773,-12,0,Good
5001773,-13,0,Good
5001773,-14,0,Good
5001773,-15,0,Good
5001773,-16,0,Good
5001773,-17,0,Good
5001773,-18,0,Good
5001773,-19,0,Good
5001773,-20,0,Good
5001773,-21,0,Good
5001773,-22,0,Good
5001773,-23,0,Good
5001774,0,C,Good
5001774,-1,C,Good
5001774,-2,C,Good
5001774,-3,C,Good
5001774,-4,C,Good
5001774,-5,C,Good
5001774,-6,C,Good
5001774,-7,C,Good
5001774,-8,C,Good
5001774,-9,C,Good
5001774,-10,C,Good
5001774,-11,C,Good
5001774,-12,C,Good
5001774,-13,C,Good
5001774,-14,C,Good
5001774,-15,C,Good
5001774,-16,C,Good
5001774,-17,C,Good
5001774,-18,C,Good
5001774,-19,C,Good
5001774,-20,C,Good
5001774,-21,C,Good
5001774,-22,C,Good
5001774,-23,C,Good
5001774,-24,C,Good
5001774,-25,0,Good
5001774,-26,0,Good
5001775,0,C,Good
5001775,-1,C,Good
5001775,-2,C,Good
5001775,-3,C,Good
5001775,-4,C,Good
5001775,-5,C,Good
5001775,-6,C,Good
5001775,-7,C,Good
5001775,-8,C,Good
5001775,-9,C,Good
5001775,-10,C,Good
5001775,-11,C,Good
5001775,-12,C,Good
5001775,-13,C,Good
5001775,-14,C,Good
5001775,-15,C,Good
5001775,-16,C,Good
5001775,-17,C,Good
5001775,-18,C,Good
5001775,-19,C,Good
5001775,-20,C,Good
5001775,-21,C,Good
5001775,-22,C,Good
5001775,-23,C,Good
5001775,-24,C,Good
5001775,-25,C,Good
5001775,-26,C,Good
5001775,-27,C,Good
5001775,-28,C,Good
5001775,-29,C,Good
5001775,-30,0,Good
5001775,-31,0,Good
5001775,-32,0,Good
5001778,0,X,Good
5001778,-1,X,Good
5001778,-2,X,Good
5001778,-3,X,Good
5001778,-4,X,Good
5001778,-5,X,Good
5001778,-6,X,Good
5001778,-7,X,Good
5001778,-8,X,Good
5001778,-9,X,Good
5001778,-10,X,Good
5001778,-11,X,Good
5001778,-12,X,Good
5001778,-13,X,Good
5001778,-14,X,Good
5001778,-15,X,Good
5001778,-16,X,Good
5001778,-17,X,Good
5001778,-18,X,Good
5001778,-19,X,Good
5001778,-20,X,Good
5001778,-21,X,Good
5001778,-22,X,Good
5001778,-23,X,Good
5001778,-24,X,Good
5001778,-25,X,Good
5001778,-26,X,Good
5001778,-27,X,Good
5001778,-28,X,Good
5001778,-29,X,Good
5001778,-30,X,Good
5001778,-31,X,Good
5001778,-32,X,Good
5001778,-33,X,Good
5001778,-34,X,Good
5001778,-35,X,Good
5001779,0,X,Good
5001779,-1,X,Good
5001779,-2,X,Good
5001779,-3,X,Good
5001779,-4,X,Good
5001779,-5,X,Good
5001779,-6,X,Good
5001779,-7,X,Good
5001779,-8,X,Good
5001779,-9,X,Good
5001779,-10,X,Good
5001779,-11,X,Good
5001779,-12,X,Good
5001779,-13,X,Good
5001779,-14,X,Good
5001779,-15,X,Good
5001779,-16,X,Good
5001779,-17,X,Good
5001779,-18,X,Good
5001779,-19,X,Good
5001779,-20,X,Good
5001779,-21,X,Good
5001779,-22,X,Good
5001779,-23,X,Good
5001779,-24,X,Good
5001779,-25,X,Good
5001779,-26,X,Good
5001779,-27,X,Good
5001779,-28,X,Good
5001779,-29,X,Good
5001779,-30,X,Good
5001779,-31,X,Good
5001779,-32,X,Good
5001779,-33,X,Good
5001779,-34,X,Good
5001779,-35,X,Good
5001779,-36,X,Good
5001779,-37,X,Good
5001779,-38,X,Good
5001779,-39,X,Good
5001779,-40,X,Good
5001779,-41,X,Good
5001779,-42,X,Good
5001779,-43,X,Good
5001779,-44,X,Good
5001779,-45,X,Good
5001780,0,X,Good
5001780,-1,X,Good
5001780,-2,X,Good
5001780,-3,X,Good
5001780,-4,X,Good
5001780,-5,X,Good
5001780,-6,X,Good
5001780,-7,X,Good
5001780,-8,X,Good
5001780,-9,X,Good
5001780,-10,X,Good
5001780,-11,X,Good
5001780,-12,X,Good
5001780,-13,X,Good
5001780,-14,X,Good
5001780,-15,X,Good
5001780,-16,X,Good
5001780,-17,X,Good
5001780,-18,X,Good
5001780,-19,X,Good
5001780,-20,X,Good
5001780,-21,X,Good
5001780,-22,X,Good
5001780,-23,X,Good
5001780,-24,X,Good
5001780,-25,X,Good
5001780,-26,X,Good
5001780,-27,X,Good
5001780,-28,X,Good
5001780,-29,X,Good
5001780,-30,X,Good
5001780,-31,X,Good
5001780,-32,X,Good
5001780,-33,X,Good
5001780,-34,X,Good
5001780,-35,X,Good
5001780,-36,X,Good
5001780,-37,X,Good
5001780,-38,X,Good
5001780,-39,X,Good
5001780,-40,X,Good
5001780,-41,X,Good
5001780,-42,X,Good
5001780,-43,X,Good
5001780,-44,X,Good
5001780,-45,X,Good
5001782,0,0,Good
5001782,-1,0,Good
5001782,-2,0,Good
5001782,-3,0,Good
5001782,-4,0,Good
5001782,-5,0,Good
5001783,0,0,Good
5001783,-1,0,Good
5001783,-2,0,Good
5001783,-3,0,Good
5001783,-4,0,Good
5001783,-5,0,Good
5001783,-6,0,Good
5001783,-7,X,Good
5001783,-8,0,Good
5001783,-9,X,Good
5001783,-10,X,Good
5001783,-11,0,Good
5001783,-12,0,Good
5001783,-13,X,Good
5001783,-14,0,Good
5001783,-15,X,Good
5001783,-16,0,Good
5001783,-17,0,Good
5001783,-18,X,Good
5001783,-19,0,Good
5001784,0,0,Good
5001784,-1,0,Good
5001784,-2,0,Good
5001784,-3,X,Good
5001784,-4,X,Good
5001784,-5,0,Good
5001784,-6,0,Good
5001784,-7,0,Good
5001784,-8,0,Good
5001784,-9,0,Good
5001784,-10,0,Good
5001784,-11,0,Good
5001784,-12,X,Good
5001784,-13,0,Good
5001785,0,0,Good
5001785,-1,0,Good
5001785,-2,0,Good
5001785,-3,0,Good
5001785,-4,0,Good
5001785,-5,0,Good
5001785,-6,X,Good
5001785,-7,X,Good
5001785,-8,X,Good
5001785,-9,X,Good
5001785,-10,X,Good
5001785,-11,X,Good
5001785,-12,X,Good
5001785,-13,X,Good
5001786,0,C,Good
5001786,-1,C,Good
5001786,-2,C,Good
5001786,-3,C,Good
5001786,-4,C,Good
5001786,-5,C,Good
5001786,-6,C,Good
5001786,-7,C,Good
5001786,-8,C,Good
5001786,-9,C,Good
5001786,-10,C,Good
5001786,-11,C,Good
5001786,-12,C,Good
5001786,-13,C,Good
5001786,-14,C,Good
5001786,-15,C,Good
5001786,-16,C,Good
5001786,-17,C,Good
5001786,-18,C,Good
5001786,-19,C,Good
5001786,-20,C,Good
5001786,-21,C,Good
5001786,-22,C,Good
5001786,-23,C,Good
5001786,-24,C,Good
5001786,-25,C,Good
5001786,-26,C,Good
5001786,-27,C,Good
5001786,-28,C,Good
5001786,-29,C,Good
5001786,-30,C,Good
5001786,-31,C,Good
5001786,-32,C,Good
5001786,-33,C,Good
5001786,-34,C,Good
5001786,-35,C,Good
5001786,-36,C,Good
5001786,-37,C,Good
5001786,-38,1,Good
5001786,-39,0,Good
5001786,-40,0,Good
5001786,-41,0,Good
5001786,-42,0,Good
5001786,-43,0,Good
5001786,-44,0,Good
5001786,-45,0,Good
5001786,-46,0,Good
5001786,-47,0,Good
5001786,-48,0,Good
5001786,-49,0,Good
5001786,-50,0,Good
5001786,-51,0,Good
5001786,-52,0,Good
5001786,-53,0,Good
5001786,-54,0,Good
5001786,-55,0,Good
5001786,-56,0,Good
5001786,-57,0,Good
5001786,-58,0,Good
5001787,-1,X,Good
5001787,-2,X,Good
5001787,-3,X,Good
5001787,-4,X,Good
5001787,-5,X,Good
5001787,-6,X,Good
5001787,-7,X,Good
5001787,-8,X,Good
5001787,-9,X,Good
5001787,-10,X,Good
5001787,-11,X,Good
5001787,-12,X,Good
5001787,-13,X,Good
5001787,-14,X,Good
5001787,-15,X,Good
5001787,-16,X,Good
5001787,-17,X,Good
5001788,-1,X,Good
5001788,-2,X,Good
5001788,-3,X,Good
5001788,-4,X,Good
5001788,-5,X,Good
5001788,-6,X,Good
5001788,-7,X,Good
5001788,-8,X,Good
5001788,-9,X,Good
5001788,-10,X,Good
5001788,-11,X,Good
5001788,-12,X,Good
5001788,-13,X,Good
5001788,-14,X,Good
5001788,-15,X,Good
5001788,-16,X,Good
5001788,-17,X,Good
5001789,0,C,Good
5001789,-1,C,Good
5001789,-2,C,Good
5001789,-3,C,Good
5001789,-4,C,Good
5001789,-5,C,Good
5001789,-6,C,Good
5001789,-7,C,Good
5001789,-8,C,Good
5001789,-9,C,Good
5001789,-10,C,Good
5001789,-11,C,Good
5001789,-12,C,Good
5001789,-13,C,Good
5001789,-14,C,Good
5001789,-15,C,Good
5001789,-16,C,Good
5001789,-17,C,Good
5001789,-18,C,Good
5001789,-19,C,Good
5001789,-20,C,Good
5001789,-21,C,Good
5001789,-22,X,Good
5001789,-23,X,Good
5001789,-24,X,Good
5001789,-25,X,Good
5001789,-26,X,Good
5001789,-27,X,Good
5001789,-28,X,Good
5001789,-29,X,Good
5001789,-30,X,Good
5001789,-31,X,Good
5001789,-32,X,Good
5001790,0,C,Good
5001790,-1,C,Good
5001790,-2,C,Good
5001790,-3,C,Good
5001790,-4,C,Good
5001790,-5,C,Good
5001790,-6,C,Good
5001790,-7,0,Good
5001790,-8,0,Good
5001790,-9,0,Good
5001790,-10,0,Good
5001790,-11,0,Good
5001790,-12,0,Good
5001790,-13,0,Good
5001790,-14,0,Good
5001790,-15,0,Good
5001790,-16,0,Good
5001790,-17,0,Good
5001790,-18,0,Good
5001790,-19,X,Good
5001791,0,X,Good
5001791,-1,0,Good
5001791,-2,0,Good
5001791,-3,0,Good
5001791,-4,0,Good
5001791,-5,0,Good
5001791,-6,0,Good
5001791,-7,0,Good
5001791,-8,0,Good
5001791,-9,0,Good
5001791,-10,0,Good
5001791,-11,0,Good
5001791,-12,0,Good
5001791,-13,0,Good
5001791,-14,0,Good
5001791,-15,0,Good
5001791,-16,0,Good
5001791,-17,0,Good
5001791,-18,0,Good
5001791,-19,0,Good
5001791,-20,0,Good
5001791,-21,0,Good
5001791,-22,0,Good
5001791,-23,X,Good
5001792,0,X,Good
5001792,-1,0,Good
5001792,-2,1,Good
5001792,-3,1,Good
5001792,-4,0,Good
5001792,-5,0,Good
5001792,-6,0,Good
5001792,-7,0,Good
5001792,-8,1,Good
5001792,-9,0,Good
5001792,-10,0,Good
5001792,-11,0,Good
5001792,-12,0,Good
5001792,-13,0,Good
5001792,-14,0,Good
5001792,-15,0,Good
5001792,-16,0,Good
5001792,-17,0,Good
5001792,-18,0,Good
5001792,-19,0,Good
5001792,-20,0,Good
5001792,-21,0,Good
5001792,-22,0,Good
5001792,-23,0,Good
5001792,-24,0,Good
5001793,0,1,Good
5001793,-1,1,Good
5001793,-2,0,Good
5001793,-3,1,Good
5001793,-4,1,Good
5001793,-5,1,Good
5001793,-6,1,Good
5001793,-7,1,Good
5001793,-8,0,Good
5001793,-9,0,Good
5001793,-10,0,Good
5001793,-11,0,Good
5001793,-12,0,Good
5001793,-13,0,Good
5001793,-14,0,Good
5001793,-15,0,Good
5001793,-16,0,Good
5001793,-17,0,Good
5001793,-18,0,Good
5001793,-19,0,Good
5001793,-20,0,Good
5001793,-21,0,Good
5001793,-22,0,Good
5001793,-23,0,Good
5001793,-24,0,Good
5001793,-25,0,Good
5001793,-26,0,Good
5001794,0,C,Good
5001794,-1,C,Good
5001794,-2,C,Good
5001794,-3,C,Good
5001794,-4,C,Good
5001794,-5,C,Good
5001794,-6,C,Good
5001794,-7,C,Good
5001794,-8,C,Good
5001794,-9,C,Good
5001794,-10,C,Good
5001794,-11,C,Good
5001794,-12,C,Good
5001794,-13,C,Good
5001794,-14,C,Good
5001794,-15,C,Good
5001794,-16,C,Good
5001794,-17,C,Good
5001794,-18,C,Good
5001794,-19,C,Good
5001794,-20,C,Good
5001794,-21,C,Good
5001794,-22,C,Good
5001794,-23,C,Good
5001794,-24,C,Good
5001794,-25,C,Good
5001794,-26,C,Good
5001794,-27,0,Good
5001794,-28,0,Good
5001794,-29,0,Good
5001794,-30,0,Good
5001794,-31,0,Good
5001794,-32,0,Good
5001794,-33,0,Good
5001794,-34,0,Good
5001794,-35,0,Good
5001795,0,X,Good
5001795,-1,X,Good
5001795,-2,X,Good
5001795,-3,X,Good
5001795,-4,X,Good
5001795,-5,X,Good
5001795,-6,X,Good
5001795,-7,X,Good
5001795,-8,X,Good
5001795,-9,X,Good
5001795,-10,X,Good
5001795,-11,X,Good
5001795,-12,X,Good
5001795,-13,X,Good
5001795,-14,X,Good
5001795,-15,X,Good
5001795,-16,X,Good
5001795,-17,X,Good
5001795,-18,X,Good
5001795,-19,X,Good
5001795,-20,X,Good
5001795,-21,X,Good
5001795,-22,X,Good
5001795,-23,X,Good
5001795,-24,X,Good
5001795,-25,X,Good
5001795,-26,X,Good
5001795,-27,X,Good
5001795,-28,X,Good
5001795,-29,X,Good
5001795,-30,X,Good
5001795,-31,X,Good
5001795,-32,X,Good
5001795,-33,X,Good
5001795,-34,X,Good
5001795,-35,X,Good
5001795,-36,X,Good
5001795,-37,X,Good
5001796,0,X,Good
5001796,-1,X,Good
5001796,-2,X,Good
5001796,-3,X,Good
5001796,-4,X,Good
5001796,-5,X,Good
5001796,-6,X,Good
5001796,-7,X,Good
5001796,-8,X,Good
5001796,-9,X,Good
5001796,-10,X,Good
5001796,-11,X,Good
5001796,-12,X,Good
5001796,-13,X,Good
5001796,-14,X,Good
5001796,-15,X,Good
5001796,-16,X,Good
5001796,-17,X,Good
5001796,-18,X,Good
5001796,-19,X,Good
5001796,-20,X,Good
5001796,-21,X,Good
5001796,-22,X,Good
5001796,-23,X,Good
5001796,-24,X,Good
5001796,-25,X,Good
5001796,-26,X,Good
5001796,-27,X,Good
5001796,-28,X,Good
5001796,-29,X,Good
5001796,-30,X,Good
5001796,-31,X,Good
5001796,-32,X,Good
5001796,-33,X,Good
5001796,-34,X,Good
5001796,-35,X,Good
5001796,-36,X,Good
5001796,-37,X,Good
5001796,-38,X,Good
5001796,-39,X,Good
5001796,-40,X,Good
5001798,0,C,Good
5001798,-1,C,Good
5001798,-2,C,Good
5001798,-3,C,Good
5001798,-4,C,Good
5001798,-5,C,Good
5001798,-6,C,Good
5001798,-7,C,Good
5001798,-8,C,Good
5001798,-9,C,Good
5001798,-10,C,Good
5001798,-11,C,Good
5001798,-12,C,Good
5001798,-13,C,Good
5001798,-14,C,Good
5001798,-15,C,Good
5001798,-16,C,Good
5001798,-17,C,Good
5001798,-18,C,Good
5001798,-19,C,Good
5001798,-20,C,Good
5001798,-21,C,Good
5001798,-22,C,Good
5001798,-23,C,Good
5001798,-24,C,Good
5001798,-25,C,Good
5001798,-26,C,Good
5001798,-27,C,Good
5001798,-28,C,Good
5001798,-29,C,Good
5001798,-30,C,Good
5001798,-31,C,Good
5001798,-32,C,Good
5001798,-33,C,Good
5001798,-34,C,Good
5001798,-35,C,Good
5001798,-36,C,Good
5001798,-37,C,Good
5001798,-38,C,Good
5001798,-39,C,Good
5001798,-40,C,Good
5001798,-41,C,Good
5001798,-42,C,Good
5001798,-43,C,Good
5001798,-44,C,Good
5001798,-45,C,Good
5001798,-46,C,Good
5001798,-47,C,Good
5001798,-48,C,Good
5001798,-49,C,Good
5001798,-50,C,Good
5001798,-51,C,Good
5001798,-52,0,Good
5001798,-53,0,Good
5001798,-54,0,Good
5001798,-55,X,Good
5001798,-56,X,Good
5001798,-57,0,Good
5001800,0,0,Good
5001800,-1,0,Good
5001800,-2,0,Good
5001800,-3,0,Good
5001803,0,X,Good
5001803,-1,X,Good
5001803,-2,X,Good
5001803,-3,X,Good
5001803,-4,X,Good
5001803,-5,X,Good
5001803,-6,X,Good
5001803,-7,X,Good
5001803,-8,X,Good
5001803,-9,X,Good
5001803,-10,X,Good
5001803,-11,X,Good
5001803,-12,X,Good
5001803,-13,X,Good
5001803,-14,X,Good
5001803,-15,X,Good
5001803,-16,X,Good
5001803,-17,X,Good
5001803,-18,X,Good
5001803,-19,X,Good
5001803,-20,X,Good
5001803,-21,X,Good
5001803,-22,X,Good
5001803,-23,X,Good
5001803,-24,X,Good
5001803,-25,X,Good
5001803,-26,X,Good
5001803,-27,X,Good
5001803,-28,X,Good
5001803,-29,X,Good
5001803,-30,X,Good
5001803,-31,X,Good
5001803,-32,X,Good
5001803,-33,X,Good
5001803,-34,X,Good
5001803,-35,X,Good
5001803,-36,X,Good
5001803,-37,X,Good
5001803,-38,X,Good
5001803,-39,X,Good
5001803,-40,X,Good
5001803,-41,X,Good
5001803,-42,X,Good
5001803,-43,X,Good
5001803,-44,X,Good
5001803,-45,X,Good
5001803,-46,X,Good
5001804,0,C,Good
5001804,-1,C,Good
5001804,-2,C,Good
5001804,-3,C,Good
5001804,-4,0,Good
5001804,-5,0,Good
5001804,-6,0,Good
5001804,-7,0,Good
5001804,-8,0,Good
5001804,-9,0,Good
5001805,0,C,Good
5001805,-1,C,Good
5001805,-2,C,Good
5001805,-3,C,Good
5001805,-4,C,Good
5001805,-5,C,Good
5001805,-6,C,Good
5001805,-7,C,Good
5001805,-8,C,Good
5001805,-9,C,Good
5001805,-10,C,Good
5001805,-11,C,Good
5001805,-12,C,Good
5001805,-13,C,Good
5001805,-14,C,Good
5001805,-15,C,Good
5001805,-16,C,Good
5001805,-17,C,Good
5001805,-18,C,Good
5001805,-19,0,Good
5001805,-20,0,Good
5001805,-21,0,Good
5001805,-22,0,Good
5001806,0,C,Good
5001806,-1,C,Good
5001806,-2,C,Good
5001806,-3,C,Good
5001806,-4,C,Good
5001806,-5,C,Good
5001806,-6,C,Good
5001806,-7,C,Good
5001806,-8,C,Good
5001806,-9,C,Good
5001806,-10,C,Good
5001806,-11,C,Good
5001806,-12,C,Good
5001806,-13,C,Good
5001806,-14,C,Good
5001806,-15,C,Good
5001806,-16,C,Good
5001806,-17,C,Good
5001806,-18,C,Good
5001806,-19,C,Good
5001806,-20,C,Good
5001806,-21,C,Good
5001806,-22,C,Good
5001806,-23,0,Good
5001806,-24,0,Good
5001806,-25,0,Good
5001806,-26,0,Good
5001806,-27,0,Good
5001806,-28,0,Good
5001806,-29,0,Good
5001806,-30,0,Good
5001806,-31,0,Good
5001806,-32,0,Good
5001806,-33,0,Good
5001806,-34,0,Good
5001807,0,C,Good
5001807,-1,C,Good
5001807,-2,C,Good
5001807,-3,C,Good
5001807,-4,C,Good
5001807,-5,C,Good
5001807,-6,C,Good
5001807,-7,C,Good
5001807,-8,C,Good
5001807,-9,C,Good
5001807,-10,C,Good
5001807,-11,C,Good
5001807,-12,C,Good
5001807,-13,C,Good
5001807,-14,C,Good
5001807,-15,C,Good
5001807,-16,C,Good
5001807,-17,C,Good
5001807,-18,C,Good
5001807,-19,C,Good
5001807,-20,C,Good
5001807,-21,C,Good
5001807,-22,C,Good
5001807,-23,C,Good
5001807,-24,C,Good
5001807,-25,C,Good
5001807,-26,C,Good
5001807,-27,C,Good
5001807,-28,C,Good
5001807,-29,C,Good
5001807,-30,C,Good
5001807,-31,C,Good
5001807,-32,C,Good
5001807,-33,C,Good
5001807,-34,C,Good
5001807,-35,C,Good
5001807,-36,C,Good
5001807,-37,0,Good
5001807,-38,0,Good
5001807,-39,0,Good
5001807,-40,0,Good
5001807,-41,0,Good
5001807,-42,0,Good
5001807,-43,0,Good
5001807,-44,0,Good
5001807,-45,0,Good
5001807,-46,0,Good
5001807,-47,0,Good
5001808,0,C,Good
5001808,-1,C,Good
5001808,-2,C,Good
5001808,-3,C,Good
5001808,-4,C,Good
5001808,-5,C,Good
5001808,-6,C,Good
5001808,-7,C,Good
5001808,-8,C,Good
5001808,-9,C,Good
5001808,-10,C,Good
5001808,-11,C,Good
5001808,-12,C,Good
5001808,-13,C,Good
5001808,-14,C,Good
5001808,-15,C,Good
5001808,-16,C,Good
5001808,-17,C,Good
5001808,-18,C,Good
5001808,-19,C,Good
5001808,-20,C,Good
5001808,-21,C,Good
5001808,-22,C,Good
5001808,-23,C,Good
5001808,-24,C,Good
5001808,-25,C,Good
5001808,-26,C,Good
5001808,-27,C,Good
5001808,-28,C,Good
5001808,-29,C,Good
5001808,-30,C,Good
5001808,-31,C,Good
5001808,-32,C,Good
5001808,-33,C,Good
5001808,-34,C,Good
5001808,-35,C,Good
5001808,-36,C,Good
5001808,-37,C,Good
5001808,-38,C,Good
5001808,-39,C,Good
5001808,-40,C,Good
5001808,-41,C,Good
5001808,-42,C,Good
5001808,-43,C,Good
5001808,-44,C,Good
5001808,-45,0,Good
5001808,-46,0,Good
5001808,-47,0,Good
5001808,-48,0,Good
5001808,-49,0,Good
5001808,-50,0,Good
5001808,-51,0,Good
5001808,-52,0,Good
5001808,-53,0,Good
5001808,-54,0,Good
5001808,-55,0,Good
5001808,-56,0,Good
5001812,0,0,Good
5001812,-1,0,Good
5001812,-2,0,Good
5001812,-3,0,Good
5001812,-4,0,Good
5001812,-5,0,Good
5001812,-6,0,Good
5001812,-7,0,Good
5001812,-8,0,Good
5001812,-9,0,Good
5001812,-10,0,Good
5001812,-11,0,Good
5001812,-12,0,Good
5001812,-13,0,Good
5001812,-14,0,Good
5001812,-15,0,Good
5001812,-16,0,Good
5001812,-17,0,Good
5001812,-18,0,Good
5001812,-19,0,Good
5001812,-20,0,Good
5001812,-21,0,Good
5001812,-22,0,Good
5001813,0,X,Good
5001813,-1,X,Good
5001813,-2,X,Good
5001813,-3,X,Good
5001813,-4,X,Good
5001813,-5,X,Good
5001813,-6,X,Good
5001813,-7,X,Good
5001813,-8,X,Good
5001813,-9,X,Good
5001813,-10,X,Good
5001813,-11,X,Good
5001816,0,1,Good
5001816,-1,0,Good
5001816,-2,0,Good
5001816,-3,0,Good
5001816,-4,0,Good
5001816,-5,0,Good
5001816,-6,0,Good
5001816,-7,X,Good
5001816,-8,0,Good
5001816,-9,0,Good
5001816,-10,0,Good
5001816,-11,0,Good
5001817,0,X,Good
5001817,-1,1,Good
5001817,-2,1,Good
5001817,-3,0,Good
5001817,-4,X,Good
5001817,-5,0,Good
5001817,-6,0,Good
5001817,-7,X,Good
5001817,-8,0,Good
5001817,-9,0,Good
5001817,-10,X,Good
5001818,0,C,Good
5001818,-1,C,Good
5001818,-2,C,Good
5001818,-3,C,Good
5001818,-4,C,Good
5001818,-5,C,Good
5001818,-6,C,Good
5001818,-7,C,Good
5001818,-8,C,Good
5001818,-9,C,Good
5001818,-10,C,Good
5001818,-11,C,Good
5001818,-12,C,Good
5001818,-13,C,Good
5001818,-14,C,Good
5001818,-15,C,Good
5001818,-16,C,Good
5001818,-17,C,Good
5001818,-18,C,Good
5001818,-19,C,Good
5001818,-20,C,Good
5001818,-21,C,Good
5001818,-22,C,Good
5001818,-23,C,Good
5001818,-24,C,Good
5001818,-25,C,Good
5001818,-26,C,Good
5001818,-27,C,Good
5001818,-28,C,Good
5001818,-29,C,Good
5001818,-30,C,Good
5001818,-31,C,Good
5001818,-32,C,Good
5001818,-33,C,Good
5001818,-34,C,Good
5001818,-35,C,Good
5001818,-36,C,Good
5001818,-37,C,Good
5001818,-38,C,Good
5001818,-39,C,Good
5001818,-40,C,Good
5001818,-41,C,Good
5001818,-42,C,Good
5001818,-43,C,Good
5001818,-44,C,Good
5001818,-45,C,Good
5001818,-46,C,Good
5001818,-47,C,Good
5001818,-48,0,Good
5001818,-49,0,Good
5001818,-50,0,Good
5001818,-51,0,Good
5001818,-52,0,Good
5001818,-53,0,Good
5001818,-54,X,Good
5001818,-55,X,Good
5001818,-56,X,Good
5001818,-57,X,Good
5001819,0,X,Good
5001819,-1,X,Good
5001819,-2,X,Good
5001819,-3,X,Good
5001819,-4,X,Good
5001819,-5,X,Good
5001819,-6,X,Good
5001819,-7,X,Good
5001819,-8,X,Good
5001819,-9,X,Good
5001819,-10,X,Good
5001819,-11,X,Good
5001819,-12,X,Good
5001819,-13,X,Good
5001819,-14,X,Good
5001819,-15,X,Good
5001819,-16,X,Good
5001819,-17,X,Good
5001819,-18,X,Good
5001819,-19,X,Good
5001819,-20,X,Good
5001819,-21,X,Good
5001819,-22,X,Good
5001819,-23,X,Good
5001819,-24,X,Good
5001819,-25,X,Good
5001819,-26,X,Good
5001819,-27,X,Good
5001819,-28,X,Good
5001819,-29,X,Good
5001819,-30,X,Good
5001819,-31,X,Good
5001819,-32,X,Good
5001819,-33,X,Good
5001819,-34,X,Good
5001819,-35,X,Good
5001819,-36,X,Good
5001819,-37,X,Good
5001819,-38,X,Good
5001819,-39,X,Good
5001819,-40,X,Good
5001819,-41,X,Good
5001819,-42,X,Good
5001820,0,C,Good
5001820,-1,C,Good
5001820,-2,C,Good
5001820,-3,C,Good
5001820,-4,C,Good
5001820,-5,C,Good
5001820,-6,C,Good
5001820,-7,C,Good
5001820,-8,C,Good
5001820,-9,C,Good
5001820,-10,0,Good
5001820,-11,0,Good
5001821,0,X,Good
5001821,-1,X,Good
5001821,-2,X,Good
5001821,-3,X,Good
5001821,-4,0,Good
5001821,-5,0,Good
5001821,-6,X,Good
5001821,-7,0,Good
5001821,-8,X,Good
5001823,0,0,Good
5001823,-1,0,Good
5001823,-2,0,Good
5001823,-3,0,Good
5001823,-4,0,Good
5001823,-5,0,Good
5001823,-6,0,Good
5001823,-7,0,Good
5001824,-1,0,Good
5001824,-2,0,Good
5001824,-3,0,Good
5001824,-4,0,Good
5001824,-5,0,Good
5001824,-6,0,Good
5001824,-7,0,Good
5001824,-8,0,Good
5001824,-9,0,Good
5001824,-10,0,Good
5001824,-11,0,Good
5001824,-12,0,Good
5001824,-13,0,Good
5001824,-14,0,Good
5001824,-15,0,Good
5001824,-16,0,Good
5001824,-17,0,Good
5001824,-18,0,Good
5001824,-19,0,Good
5001824,-20,0,Good
5001824,-21,0,Good
5001824,-22,0,Good
5001824,-23,0,Good
5001824,-24,0,Good
5001824,-25,0,Good
5001824,-26,0,Good
5001824,-27,0,Good
5001824,-28,0,Good
5001824,-29,0,Good
5001824,-30,0,Good
5001824,-31,0,Good
5001824,-32,0,Good
5001824,-33,0,Good
5001824,-34,0,Good
5001824,-35,0,Good
5001824,-36,0,Good
5001824,-37,0,Good
5001825,0,X,Good
5001825,-1,0,Good
5001825,-2,0,Good
5001825,-3,0,Good
5001827,0,X,Good
5001827,-1,X,Good
5001827,-2,X,Good
5001827,-3,X,Good
5001827,-4,X,Good
5001827,-5,X,Good
5001827,-6,X,Good
5001827,-7,X,Good
5001827,-8,X,Good
5001827,-9,X,Good
5001827,-10,X,Good
5001827,-11,X,Good
5001827,-12,X,Good
5001827,-13,X,Good
5001827,-14,X,Good
5001827,-15,X,Good
5001827,-16,X,Good
5001827,-17,X,Good
5001827,-18,X,Good
5001827,-19,X,Good
5001827,-20,X,Good
5001827,-21,X,Good
5001827,-22,X,Good
5001827,-23,X,Good
5001827,-24,X,Good
5001827,-25,X,Good
5001827,-26,X,Good
5001827,-27,X,Good
5001827,-28,X,Good
5001827,-29,X,Good
5001827,-30,X,Good
5001827,-31,X,Good
5001827,-32,X,Good
5001827,-33,X,Good
5001827,-34,X,Good
5001827,-35,X,Good
5001827,-36,X,Good
5001827,-37,X,Good
5001827,-38,X,Good
5001827,-39,X,Good
5001827,-40,X,Good
5001827,-41,X,Good
5001827,-42,X,Good
5001827,-43,X,Good
5001827,-44,X,Good
5001827,-45,X,Good
5001827,-46,X,Good
5001827,-47,X,Good
5001827,-48,X,Good
5001827,-49,X,Good
5001827,-50,X,Good
5001827,-51,X,Good
5001827,-52,X,Good
5001827,-53,X,Good
5001828,0,0,Good
5001828,-1,0,Good
5001828,-2,0,Good
5001828,-3,0,Good
5001828,-4,0,Good
5001828,-5,0,Good
5001828,-6,0,Good
5001828,-7,0,Good
5001828,-8,0,Good
5001829,0,X,Good
5001829,-1,X,Good
5001829,-2,X,Good
5001829,-3,X,Good
5001829,-4,0,Good
5001829,-5,0,Good
5001829,-6,X,Good
5001829,-7,0,Good
5001829,-8,0,Good
5001829,-9,0,Good
5001829,-10,0,Good
5001829,-11,0,Good
5001829,-12,0,Good
5001829,-13,0,Good
5001829,-14,0,Good
5001829,-15,0,Good
5001829,-16,0,Good
5001829,-17,X,Good
5001829,-18,0,Good
5001829,-19,X,Good
5001829,-20,X,Good
5001829,-21,X,Good
5001829,-22,X,Good
5001829,-23,X,Good
5001829,-24,X,Good
5001829,-25,X,Good
5001829,-26,X,Good
5001829,-27,0,Good
5001830,0,C,Good
5001830,-1,C,Good
5001830,-2,C,Good
5001830,-3,C,Good
5001830,-4,C,Good
5001830,-5,C,Good
5001830,-6,C,Good
5001830,-7,C,Good
5001830,-8,C,Good
5001830,-9,0,Good
5001831,0,0,Good
5001831,-1,0,Good
5001831,-2,0,Good
5001831,-3,0,Good
5001831,-4,0,Good
5001831,-5,0,Good
5001831,-6,0,Good
5001831,-7,0,Good
5001831,-8,0,Good
5001831,-9,0,Good
5001831,-10,0,Good
5001831,-11,0,Good
5001831,-12,0,Good
5001831,-13,0,Good
5001831,-14,0,Good
5001831,-15,0,Good
5001831,-16,0,Good
5001831,-17,0,Good
5001831,-18,0,Good
5001831,-19,0,Good
5001831,-20,0,Good
5001831,-21,0,Good
5001831,-22,0,Good
5001832,0,C,Good
5001832,-1,C,Good
5001832,-2,C,Good
5001832,-3,C,Good
5001832,-4,C,Good
5001832,-5,C,Good
5001832,-6,C,Good
5001832,-7,C,Good
5001832,-8,C,Good
5001832,-9,C,Good
5001832,-10,C,Good
5001832,-11,C,Good
5001832,-12,C,Good
5001832,-13,C,Good
5001832,-14,C,Good
5001832,-15,C,Good
5001832,-16,C,Good
5001832,-17,C,Good
5001832,-18,C,Good
5001832,-19,C,Good
5001832,-20,C,Good
5001832,-21,C,Good
5001832,-22,C,Good
5001832,-23,0,Good
5001832,-24,0,Good
5001832,-25,0,Good
5001832,-26,0,Good
5001832,-27,0,Good
5001833,0,C,Good
5001833,-1,C,Good
5001833,-2,C,Good
5001833,-3,C,Good
5001833,-4,C,Good
5001833,-5,C,Good
5001833,-6,C,Good
5001833,-7,C,Good
5001833,-8,C,Good
5001833,-9,C,Good
5001833,-10,C,Good
5001833,-11,C,Good
5001833,-12,C,Good
5001833,-13,C,Good
5001833,-14,C,Good
5001833,-15,C,Good
5001833,-16,C,Good
5001833,-17,C,Good
5001833,-18,C,Good
5001833,-19,C,Good
5001833,-20,C,Good
5001833,-21,C,Good
5001833,-22,C,Good
5001833,-23,C,Good
5001833,-24,C,Good
5001833,-25,C,Good
5001833,-26,C,Good
5001833,-27,C,Good
5001833,-28,C,Good
5001833,-29,0,Good
5001833,-30,0,Good
5001833,-31,0,Good
5001833,-32,0,Good
5001836,0,1,Good
5001836,-1,1,Good
5001836,-2,0,Good
5001836,-3,0,Good
5001836,-4,0,Good
5001836,-5,0,Good
5001836,-6,0,Good
5001836,-7,0,Good
5001836,-8,0,Good
5001836,-9,X,Good
5001836,-10,X,Good
5001836,-11,0,Good
5001836,-12,0,Good
5001836,-13,X,Good
5001836,-14,0,Good
5001836,-15,X,Good
5001836,-16,0,Good
5001836,-17,X,Good
5001836,-18,0,Good
5001836,-19,0,Good
5001836,-20,X,Good
5001836,-21,0,Good
5001836,-22,0,Good
5001836,-23,0,Good
5001836,-24,X,Good
5001836,-25,X,Good
5001836,-26,X,Good
5001836,-27,0,Good
5001836,-28,X,Good
5001836,-29,0,Good
5001836,-30,0,Good
5001836,-31,0,Good
5001836,-32,0,Good
5001836,-33,0,Good
5001836,-34,X,Good
5001836,-35,0,Good
5001836,-36,0,Good
5001836,-37,X,Good
5001837,0,C,Good
5001837,-1,C,Good
5001837,-2,C,Good
5001837,-3,C,Good
5001837,-4,C,Good
5001837,-5,C,Good
5001837,-6,C,Good
5001837,-7,C,Good
5001837,-8,C,Good
5001837,-9,C,Good
5001837,-10,C,Good
5001837,-11,C,Good
5001837,-12,C,Good
5001837,-13,C,Good
5001837,-14,C,Good
5001837,-15,C,Good
5001837,-16,C,Good
5001837,-17,C,Good
5001837,-18,C,Good
5001837,-19,C,Good
5001837,-20,C,Good
5001837,-21,C,Good
5001837,-22,C,Good
5001837,-23,C,Good
5001837,-24,C,Good
5001837,-25,C,Good
5001837,-26,C,Good
5001837,-27,C,Good
5001837,-28,C,Good
5001837,-29,C,Good
5001837,-30,C,Good
5001837,-31,C,Good
5001837,-32,C,Good
5001837,-33,C,Good
5001837,-34,C,Good
5001837,-35,C,Good
5001837,-36,C,Good
5001837,-37,C,Good
5001837,-38,C,Good
5001837,-39,C,Good
5001837,-40,C,Good
5001837,-41,C,Good
5001837,-42,C,Good
5001837,-43,C,Good
5001837,-44,0,Good
5001837,-45,0,Good
5001837,-46,0,Good
5001837,-47,0,Good
5001837,-48,0,Good
5001837,-49,0,Good
5001837,-50,0,Good
5001837,-51,0,Good
5001837,-52,0,Good
5001837,-53,0,Good
5001837,-54,0,Good
5001837,-55,0,Good
5001837,-56,0,Good
5001837,-57,0,Good
5001838,0,0,Good
5001838,-1,0,Good
5001838,-2,0,Good
5001838,-3,0,Good
5001838,-4,0,Good
5001838,-5,0,Good
5001838,-6,0,Good
5001838,-7,0,Good
5001838,-8,0,Good
5001838,-9,0,Good
5001838,-10,0,Good
5001838,-11,0,Good
5001838,-12,0,Good
5001838,-13,0,Good
5001838,-14,0,Good
5001838,-15,0,Good
5001838,-16,0,Good
5001838,-17,0,Good
5001838,-18,0,Good
5001838,-19,0,Good
5001838,-20,0,Good
5001838,-21,0,Good
5001838,-22,0,Good
5001838,-23,0,Good
5001838,-24,0,Good
5001838,-25,0,Good
5001838,-26,0,Good
5001838,-27,0,Good
5001838,-28,0,Good
5001838,-29,0,Good
5001838,-30,0,Good
5001838,-31,0,Good
5001838,-32,0,Good
5001838,-33,0,Good
5001838,-34,0,Good
5001838,-35,0,Good
5001838,-36,0,Good
5001838,-37,0,Good
5001838,-38,0,Good
5001839,0,C,Good
5001839,-1,C,Good
5001839,-2,C,Good
5001839,-3,C,Good
5001839,-4,C,Good
5001839,-5,C,Good
5001839,-6,C,Good
5001839,-7,0,Good
5001839,-8,0,Good
5001839,-9,0,Good
5001839,-10,0,Good
5001839,-11,0,Good
5001839,-12,0,Good
5001839,-13,0,Good
5001839,-14,0,Good
5001839,-15,0,Good
5001840,0,C,Good
5001840,-1,C,Good
5001840,-2,C,Good
5001840,-3,C,Good
5001840,-4,0,Good
5001840,-5,0,Good
5001840,-6,0,Good
5001840,-7,0,Good
5001840,-8,0,Good
5001840,-9,0,Good
5001840,-10,0,Good
5001840,-11,0,Good
5001840,-12,0,Good
5001840,-13,0,Good
5001840,-14,0,Good
5001840,-15,0,Good
5001840,-16,0,Good
5001840,-17,0,Good
5001840,-18,0,Good
5001840,-19,0,Good
5001841,0,C,Good
5001841,-1,C,Good
5001841,-2,C,Good
5001841,-3,C,Good
5001841,-4,C,Good
5001841,-5,C,Good
5001841,-6,C,Good
5001841,-7,C,Good
5001841,-8,C,Good
5001841,-9,C,Good
5001841,-10,C,Good
5001841,-11,C,Good
5001841,-12,C,Good
5001841,-13,C,Good
5001841,-14,C,Good
5001841,-15,C,Good
5001841,-16,0,Good
5001841,-17,0,Good
5001842,0,0,Good
5001842,-1,0,Good
5001842,-2,0,Good
5001842,-3,0,Good
5001842,-4,X,Good
5001842,-5,0,Good
5001842,-6,X,Good
5001842,-7,0,Good
5001842,-8,0,Good
5001842,-9,0,Good
5001842,-10,0,Good
5001842,-11,0,Good
5001842,-12,X,Good
5001842,-13,X,Good
5001842,-14,X,Good
5001842,-15,X,Good
5001842,-16,X,Good
5001842,-17,X,Good
5001842,-18,X,Good
5001842,-19,0,Good
5001842,-20,X,Good
5001842,-21,X,Good
5001843,0,C,Good
5001843,-1,C,Good
5001843,-2,C,Good
5001843,-3,C,Good
5001843,-4,C,Good
5001843,-5,C,Good
5001843,-6,C,Good
5001843,-7,C,Good
5001843,-8,C,Good
5001843,-9,C,Good
5001843,-10,C,Good
5001843,-11,C,Good
5001843,-12,C,Good
5001843,-13,C,Good
5001843,-14,C,Good
5001843,-15,C,Good
5001843,-16,C,Good
5001843,-17,C,Good
5001843,-18,C,Good
5001843,-19,0,Good
5001843,-20,X,Good
5001843,-21,0,Good
5001843,-22,0,Good
5001843,-23,0,Good
5001843,-24,0,Good
5001843,-25,0,Good
5001843,-26,X,Good
5001843,-27,X,Good
5001844,0,C,Good
5001844,-1,C,Good
5001844,-2,C,Good
5001844,-3,C,Good
5001844,-4,C,Good
5001844,-5,C,Good
5001844,-6,C,Good
5001844,-7,C,Good
5001844,-8,C,Good
5001844,-9,C,Good
5001844,-10,C,Good
5001844,-11,C,Good
5001844,-12,C,Good
5001844,-13,C,Good
5001844,-14,C,Good
5001844,-15,C,Good
5001844,-16,X,Good
5001844,-17,0,Good
5001844,-18,X,Good
5001844,-19,0,Good
5001844,-20,0,Good
5001844,-21,X,Good
5001844,-22,1,Good
5001844,-23,0,Good
5001844,-24,0,Good
5001844,-25,0,Good
5001844,-26,X,Good
5001844,-27,0,Good
5001844,-28,X,Good
5001844,-29,0,Good
5001844,-30,X,Good
5001844,-31,0,Good
5001844,-32,0,Good
5001844,-33,X,Good
5001844,-34,X,Good
5001844,-35,0,Good
5001844,-36,0,Good
5001844,-37,0,Good
5001844,-38,X,Good
5001844,-39,0,Good
5001844,-40,X,Good
5001844,-41,0,Good
5001844,-42,X,Good
5001844,-43,0,Good
5001844,-44,0,Good
5001844,-45,X,Good
5001844,-46,0,Good
5001844,-47,0,Good
5001846,0,X,Good
5001846,-1,0,Good
5001846,-2,X,Good
5001846,-3,0,Good
5001846,-4,0,Good
5001846,-5,0,Good
5001846,-6,X,Good
5001846,-7,0,Good
5001846,-8,0,Good
5001846,-9,X,Good
5001846,-10,0,Good
5001846,-11,X,Good
5001846,-12,0,Good
5001846,-13,0,Good
5001846,-14,X,Good
5001846,-15,0,Good
5001847,0,0,Good
5001847,-1,0,Good
5001847,-2,X,Good
5001847,-3,X,Good
5001847,-4,X,Good
5001847,-5,X,Good
5001847,-6,X,Good
5001847,-7,X,Good
5001847,-8,X,Good
5001847,-9,X,Good
5001847,-10,X,Good
5001847,-11,X,Good
5001847,-12,X,Good
5001847,-13,X,Good
5001847,-14,0,Good
5001847,-15,0,Good
5001847,-16,0,Good
5001847,-17,0,Good
5001847,-18,0,Good
5001847,-19,X,Good
5001847,-20,0,Good
5001847,-21,0,Good
5001847,-22,0,Good
5001847,-23,X,Good
5001847,-24,0,Good
5001847,-25,0,Good
5001847,-26,0,Good
5001847,-27,0,Good
5001847,-28,0,Good
5001847,-29,0,Good
5001847,-30,0,Good
5001847,-31,0,Good
5001847,-32,0,Good
5001847,-33,0,Good
5001847,-34,0,Good
5001847,-35,0,Good
5001847,-36,X,Good
5001847,-37,0,Good
5001847,-38,X,Good
5001848,0,0,Good
5001848,-1,0,Good
5001848,-2,0,Good
5001848,-3,0,Good
5001848,-4,0,Good
5001848,-5,0,Good
5001848,-6,0,Good
5001848,-7,0,Good
5001848,-8,0,Good
5001848,-9,0,Good
5001848,-10,0,Good
5001848,-11,1,Good
5001848,-12,0,Good
5001848,-13,X,Good
5001848,-14,0,Good
5001848,-15,0,Good
5001848,-16,0,Good
5001848,-17,0,Good
5001848,-18,0,Good
5001848,-19,X,Good
5001848,-20,0,Good
5001848,-21,0,Good
5001848,-22,X,Good
5001848,-23,X,Good
5001848,-24,0,Good
5001848,-25,0,Good
5001848,-26,0,Good
5001848,-27,0,Good
5001848,-28,0,Good
5001848,-29,0,Good
5001848,-30,0,Good
5001848,-31,0,Good
5001848,-32,0,Good
5001848,-33,0,Good
5001848,-34,0,Good
5001848,-35,0,Good
5001848,-36,X,Good
5001848,-37,X,Good
5001849,0,C,Good
5001849,-1,C,Good
5001849,-2,0,Good
5001849,-3,0,Good
5001849,-4,0,Good
5001849,-5,0,Good
5001849,-6,0,Good
5001849,-7,0,Good
5001849,-8,0,Good
5001850,0,C,Good
5001850,-1,0,Good
5001850,-2,0,Good
5001850,-3,0,Good
5001850,-4,0,Good
5001850,-5,0,Good
5001850,-6,0,Good
5001850,-7,0,Good
5001850,-8,0,Good
5001850,-9,0,Good
5001850,-10,0,Good
5001851,0,C,Good
5001851,-1,C,Good
5001851,-2,C,Good
5001851,-3,C,Good
5001851,-4,C,Good
5001851,-5,C,Good
5001851,-6,C,Good
5001851,-7,C,Good
5001851,-8,C,Good
5001851,-9,C,Good
5001851,-10,C,Good
5001851,-11,0,Good
5001852,0,C,Good
5001852,-1,C,Good
5001852,-2,C,Good
5001852,-3,C,Good
5001852,-4,C,Good
5001852,-5,C,Good
5001852,-6,C,Good
5001852,-7,C,Good
5001852,-8,C,Good
5001852,-9,C,Good
5001852,-10,C,Good
5001852,-11,C,Good
5001852,-12,C,Good
5001852,-13,0,Good
5001852,-14,0,Good
5001853,0,C,Good
5001853,-1,C,Good
5001853,-2,C,Good
5001853,-3,C,Good
5001853,-4,C,Good
5001853,-5,C,Good
5001853,-6,C,Good
5001853,-7,C,Good
5001853,-8,C,Good
5001853,-9,0,Good
5001853,-10,0,Good
5001853,-11,0,Good
5001853,-12,0,Good
5001853,-13,0,Good
5001853,-14,0,Good
5001853,-15,0,Good
5001853,-16,0,Good
5001854,0,C,Good
5001854,-1,C,Good
5001854,-2,C,Good
5001854,-3,C,Good
5001854,-4,C,Good
5001854,-5,C,Good
5001854,-6,C,Good
5001854,-7,C,Good
5001854,-8,C,Good
5001854,-9,C,Good
5001854,-10,C,Good
5001854,-11,C,Good
5001854,-12,C,Good
5001854,-13,C,Good
5001854,-14,C,Good
5001854,-15,C,Good
5001854,-16,0,Good
5001854,-17,0,Good
5001854,-18,0,Good
5001855,0,C,Good
5001855,-1,C,Good
5001855,-2,C,Good
5001855,-3,C,Good
5001855,-4,C,Good
5001855,-5,C,Good
5001855,-6,C,Good
5001855,-7,C,Good
5001855,-8,C,Good
5001855,-9,C,Good
5001855,-10,C,Good
5001855,-11,C,Good
5001855,-12,C,Good
5001855,-13,C,Good
5001855,-14,C,Good
5001855,-15,C,Good
5001855,-16,C,Good
5001855,-17,C,Good
5001855,-18,C,Good
5001855,-19,C,Good
5001855,-20,0,Good
5001855,-21,0,Good
5001855,-22,0,Good
5001856,0,C,Good
5001856,-1,C,Good
5001856,-2,C,Good
5001856,-3,C,Good
5001856,-4,C,Good
5001856,-5,C,Good
5001856,-6,C,Good
5001856,-7,C,Good
5001856,-8,C,Good
5001856,-9,C,Good
5001856,-10,C,Good
5001856,-11,C,Good
5001856,-12,C,Good
5001856,-13,C,Good
5001856,-14,C,Good
5001856,-15,C,Good
5001856,-16,C,Good
5001856,-17,C,Good
5001856,-18,C,Good
5001856,-19,C,Good
5001856,-20,C,Good
5001856,-21,C,Good
5001856,-22,C,Good
5001856,-23,C,Good
5001856,-24,C,Good
5001856,-25,C,Good
5001856,-26,C,Good
5001856,-27,1,Good
5001856,-28,0,Good
5001856,-29,0,Good
5001857,0,0,Good
5001857,-1,0,Good
5001857,-2,0,Good
5001857,-3,0,Good
5001857,-4,0,Good
5001857,-5,0,Good
5001857,-6,0,Good
5001857,-7,0,Good
5001857,-8,0,Good
5001857,-9,0,Good
5001857,-10,0,Good
5001857,-11,0,Good
5001857,-12,0,Good
5001857,-13,0,Good
5001857,-14,0,Good
5001857,-15,0,Good
5001857,-16,0,Good
5001857,-17,0,Good
5001857,-18,0,Good
5001857,-19,0,Good
5001857,-20,0,Good
5001857,-21,0,Good
5001857,-22,0,Good
5001857,-23,0,Good
5001857,-24,0,Good
5001857,-25,0,Good
5001857,-26,0,Good
5001857,-27,0,Good
5001857,-28,0,Good
5001857,-29,0,Good
5001857,-30,0,Good
5001857,-31,0,Good
5001857,-32,0,Good
5001857,-33,X,Good
5001857,-34,X,Good
5001857,-35,X,Good
5001857,-36,X,Good
5001857,-37,X,Good
5001858,0,C,Good
5001858,-1,C,Good
5001858,-2,C,Good
5001858,-3,C,Good
5001858,-4,C,Good
5001858,-5,C,Good
5001858,-6,C,Good
5001858,-7,C,Good
5001858,-8,C,Good
5001858,-9,C,Good
5001858,-10,C,Good
5001858,-11,C,Good
5001858,-12,C,Good
5001858,-13,C,Good
5001858,-14,C,Good
5001858,-15,C,Good
5001858,-16,C,Good
5001858,-17,C,Good
5001858,-18,C,Good
5001858,-19,C,Good
5001858,-20,0,Good
5001858,-21,0,Good
5001858,-22,0,Good
5001858,-23,0,Good
5001858,-24,0,Good
5001858,-25,0,Good
5001858,-26,0,Good
5001858,-27,0,Good
5001858,-28,0,Good
5001858,-29,0,Good
5001858,-30,0,Good
5001858,-31,0,Good
5001859,-1,C,Good
5001859,-2,C,Good
5001859,-3,C,Good
5001859,-4,C,Good
5001859,-5,C,Good
5001859,-6,C,Good
5001859,-7,C,Good
5001859,-8,C,Good
5001859,-9,C,Good
5001859,-10,C,Good
5001859,-11,C,Good
5001859,-12,C,Good
5001859,-13,C,Good
5001859,-14,C,Good
5001859,-15,C,Good
5001859,-16,C,Good
5001859,-17,C,Good
5001859,-18,C,Good
5001859,-19,C,Good
5001859,-20,C,Good
5001859,-21,C,Good
5001859,-22,C,Good
5001859,-23,C,Good
5001859,-24,C,Good
5001859,-25,C,Good
5001859,-26,C,Good
5001859,-27,C,Good
5001859,-28,C,Good
5001859,-29,C,Good
5001859,-30,C,Good
5001859,-31,0,Good
5001859,-32,0,Good
5001859,-33,0,Good
5001859,-34,0,Good
5001860,0,X,Good
5001860,-1,X,Good
5001861,0,X,Good
5001861,-1,X,Good
5001861,-2,X,Good
5001861,-3,X,Good
5001861,-4,X,Good
5001861,-5,X,Good
5001861,-6,X,Good
5001861,-7,X,Good
5001861,-8,X,Good
5001861,-9,X,Good
5001861,-10,X,Good
5001861,-11,X,Good
5001861,-12,X,Good
5001861,-13,X,Good
5001861,-14,X,Good
5001861,-15,X,Good
5001861,-16,X,Good
5001861,-17,X,Good
5001861,-18,X,Good
5001861,-19,X,Good
5001861,-20,X,Good
5001861,-21,X,Good
5001861,-22,X,Good
5001861,-23,X,Good
5001861,-24,X,Good
5001861,-25,X,Good
5001861,-26,X,Good
5001861,-27,X,Good
5001861,-28,X,Good
5001861,-29,X,Good
5001861,-30,X,Good
5001861,-31,X,Good
5001861,-32,X,Good
5001862,0,X,Good
5001862,-1,X,Good
5001862,-2,X,Good
5001862,-3,X,Good
5001862,-4,X,Good
5001862,-5,X,Good
5001862,-6,X,Good
5001862,-7,X,Good
5001862,-8,X,Good
5001862,-9,X,Good
5001862,-10,X,Good
5001862,-11,X,Good
5001862,-12,X,Good
5001862,-13,X,Good
5001862,-14,X,Good
5001862,-15,X,Good
5001862,-16,X,Good
5001862,-17,X,Good
5001862,-18,X,Good
5001862,-19,X,Good
5001862,-20,X,Good
5001862,-21,X,Good
5001862,-22,X,Good
5001862,-23,X,Good
5001862,-24,X,Good
5001862,-25,X,Good
5001862,-26,X,Good
5001862,-27,X,Good
5001862,-28,X,Good
5001862,-29,X,Good
5001862,-30,X,Good
5001862,-31,X,Good
5001862,-32,X,Good
5001862,-33,X,Good
5001862,-34,X,Good
5001862,-35,X,Good
5001862,-36,X,Good
5001862,-37,X,Good
5001863,0,X,Good
5001863,-1,X,Good
5001863,-2,X,Good
5001863,-3,X,Good
5001863,-4,X,Good
5001863,-5,X,Good
5001863,-6,X,Good
5001863,-7,X,Good
5001863,-8,X,Good
5001863,-9,X,Good
5001863,-10,X,Good
5001863,-11,X,Good
5001863,-12,X,Good
5001863,-13,X,Good
5001863,-14,X,Good
5001863,-15,X,Good
5001863,-16,X,Good
5001863,-17,X,Good
5001863,-18,X,Good
5001863,-19,X,Good
5001863,-20,X,Good
5001863,-21,X,Good
5001863,-22,X,Good
5001863,-23,X,Good
5001863,-24,X,Good
5001863,-25,X,Good
5001863,-26,X,Good
5001863,-27,X,Good
5001863,-28,X,Good
5001863,-29,X,Good
5001863,-30,X,Good
5001863,-31,X,Good
5001863,-32,X,Good
5001863,-33,X,Good
5001863,-34,X,Good
5001863,-35,X,Good
5001863,-36,X,Good
5001863,-37,X,Good
5001864,0,X,Good
5001864,-1,X,Good
5001864,-2,X,Good
5001864,-3,X,Good
5001864,-4,X,Good
5001864,-5,X,Good
5001864,-6,X,Good
5001864,-7,X,Good
5001864,-8,X,Good
5001864,-9,X,Good
5001864,-10,X,Good
5001864,-11,X,Good
5001864,-12,X,Good
5001864,-13,X,Good
5001864,-14,X,Good
5001864,-15,X,Good
5001864,-16,X,Good
5001864,-17,X,Good
5001864,-18,X,Good
5001864,-19,X,Good
5001864,-20,X,Good
5001864,-21,X,Good
5001864,-22,X,Good
5001864,-23,X,Good
5001864,-24,X,Good
5001864,-25,X,Good
5001864,-26,X,Good
5001864,-27,X,Good
5001864,-28,X,Good
5001864,-29,X,Good
5001864,-30,X,Good
5001864,-31,X,Good
5001864,-32,X,Good
5001864,-33,X,Good
5001864,-34,X,Good
5001864,-35,X,Good
5001864,-36,X,Good
5001864,-37,X,Good
5001867,0,C,Good
5001867,-1,C,Good
5001867,-2,C,Good
5001867,-3,C,Good
5001867,-4,C,Good
5001867,-5,C,Good
5001867,-6,C,Good
5001867,-7,C,Good
5001867,-8,C,Good
5001867,-9,0,Good
5001870,0,X,Good
5001870,-1,X,Good
5001870,-2,X,Good
5001870,-3,X,Good
5001870,-4,X,Good
5001870,-5,X,Good
5001870,-6,X,Good
5001870,-7,X,Good
5001870,-8,X,Good
5001870,-9,X,Good
5001870,-10,X,Good
5001870,-11,X,Good
5001870,-12,X,Good
5001870,-13,X,Good
5001870,-14,X,Good
5001870,-15,X,Good
5001870,-16,X,Good
5001870,-17,X,Good
5001870,-18,X,Good
5001870,-19,X,Good
5001870,-20,X,Good
5001870,-21,X,Good
5001870,-22,X,Good
5001870,-23,X,Good
5001870,-24,X,Good
5001870,-25,X,Good
5001870,-26,X,Good
5001870,-27,X,Good
5001870,-28,X,Good
5001870,-29,X,Good
5001870,-30,X,Good
5001870,-31,X,Good
5001870,-32,X,Good
5001870,-33,X,Good
5001870,-34,X,Good
5001871,0,X,Good
5001871,-1,X,Good
5001871,-2,X,Good
5001871,-3,X,Good
5001871,-4,X,Good
5001871,-5,X,Good
5001871,-6,X,Good
5001871,-7,X,Good
5001871,-8,X,Good
5001871,-9,X,Good
5001871,-10,X,Good
5001871,-11,X,Good
5001871,-12,X,Good
5001871,-13,X,Good
5001872,0,0,Good
5001873,0,X,Good
5001873,-1,0,Good
5001873,-2,0,Good
5001873,-3,0,Good
5001873,-4,0,Good
5001873,-5,0,Good
5001873,-6,0,Good
5001873,-7,0,Good
5001873,-8,0,Good
5001873,-9,0,Good
5001873,-10,0,Good
5001873,-11,X,Good
5001873,-12,0,Good
5001873,-13,0,Good
5001873,-14,0,Good
5001873,-15,0,Good
5001873,-16,0,Good
5001873,-17,0,Good
5001873,-18,0,Good
5001873,-19,0,Good
5001873,-20,0,Good
5001873,-21,0,Good
5001873,-22,0,Good
5001873,-23,0,Good
5001873,-24,0,Good
5001873,-25,X,Good
5001873,-26,X,Good
5001873,-27,0,Good
5001873,-28,0,Good
5001873,-29,0,Good
5001873,-30,0,Good
5001873,-31,0,Good
5001873,-32,0,Good
5001873,-33,0,Good
5001874,0,X,Good
5001874,-1,0,Good
5001874,-2,0,Good
5001874,-3,0,Good
5001874,-4,0,Good
5001874,-5,0,Good
5001874,-6,0,Good
5001874,-7,0,Good
5001874,-8,0,Good
5001874,-9,0,Good
5001874,-10,0,Good
5001874,-11,X,Good
5001874,-12,0,Good
5001874,-13,0,Good
5001874,-14,0,Good
5001874,-15,0,Good
5001874,-16,0,Good
5001874,-17,0,Good
5001874,-18,0,Good
5001874,-19,0,Good
5001874,-20,0,Good
5001874,-21,0,Good
5001874,-22,0,Good
5001874,-23,0,Good
5001874,-24,0,Good
5001874,-25,X,Good
5001874,-26,X,Good
5001874,-27,0,Good
5001874,-28,0,Good
5001874,-29,0,Good
5001875,0,X,Good
5001875,-1,X,Good
5001875,-2,X,Good
5001875,-3,X,Good
5001875,-4,X,Good
5001875,-5,X,Good
5001875,-6,X,Good
5001875,-7,X,Good
5001875,-8,X,Good
5001875,-9,X,Good
5001875,-10,X,Good
5001875,-11,X,Good
5001875,-12,X,Good
5001875,-13,X,Good
5001875,-14,X,Good
5001875,-15,X,Good
5001876,0,0,Good
5001876,-1,0,Good
5001876,-2,0,Good
5001876,-3,0,Good
5001876,-4,0,Good
5001876,-5,0,Good
5001876,-6,0,Good
5001876,-7,0,Good
5001876,-8,0,Good
5001876,-9,0,Good
5001876,-10,0,Good
5001876,-11,0,Good
5001876,-12,0,Good
5001876,-13,0,Good
5001876,-14,0,Good
5001876,-15,0,Good
5001876,-16,0,Good
5001876,-17,0,Good
5001876,-18,0,Good
5001876,-19,0,Good
5001877,0,0,Good
5001877,-1,0,Good
5001877,-2,0,Good
5001877,-3,0,Good
5001877,-4,0,Good
5001877,-5,0,Good
5001877,-6,0,Good
5001877,-7,0,Good
5001877,-8,0,Good
5001877,-9,0,Good
5001877,-10,0,Good
5001877,-11,0,Good
5001877,-12,0,Good
5001877,-13,0,Good
5001877,-14,0,Good
5001877,-15,0,Good
5001879,0,X,Good
5001879,-1,X,Good
5001879,-2,X,Good
5001879,-3,X,Good
5001879,-4,X,Good
5001879,-5,X,Good
5001879,-6,X,Good
5001882,0,C,Good
5001882,-1,C,Good
5001882,-2,C,Good
5001882,-3,C,Good
5001882,-4,0,Good
5001883,0,C,Good
5001883,-1,C,Good
5001883,-2,C,Good
5001883,-3,C,Good
5001883,-4,C,Good
5001883,-5,C,Good
5001883,-6,C,Good
5001883,-7,C,Good
5001883,-8,C,Good
5001883,-9,C,Good
5001883,-10,C,Good
5001883,-11,C,Good
5001883,-12,C,Good
5001883,-13,C,Good
5001883,-14,C,Good
5001883,-15,C,Good
5001883,-16,C,Good
5001883,-17,C,Good
5001883,-18,C,Good
5001883,-19,C,Good
5001883,-20,C,Good
5001883,-21,C,Good
5001883,-22,C,Good
5001883,-23,C,Good
5001883,-24,C,Good
5001883,-25,C,Good
5001883,-26,C,Good
5001883,-27,C,Good
5001883,-28,C,Good
5001883,-29,C,Good
5001883,-30,C,Good
5001883,-31,C,Good
5001883,-32,C,Good
5001883,-33,C,Good
5001883,-34,C,Good
5001883,-35,C,Good
5001883,-36,C,Good
5001883,-37,C,Good
5001883,-38,C,Good
5001883,-39,C,Good
5001883,-40,C,Good
5001883,-41,C,Good
5001883,-42,0,Good
5001883,-43,0,Good
5001883,-44,0,Good
5001883,-45,0,Good
5001883,-46,0,Good
5001883,-47,0,Good
5001883,-48,0,Good
5001883,-49,0,Good
5001883,-50,0,Good
5001883,-51,0,Good
5001886,0,0,Good
5001886,-1,0,Good
5001886,-2,0,Good
5001886,-3,0,Good
5001886,-4,0,Good
5001886,-5,0,Good
5001886,-6,0,Good
5001886,-7,0,Good
5001887,0,0,Good
5001887,-1,0,Good
5001888,0,0,Good
5001888,-1,0,Good
5001888,-2,0,Good
5001888,-3,0,Good
5001888,-4,0,Good
5001888,-5,0,Good
5001888,-6,0,Good
5001888,-7,0,Good
5001888,-8,0,Good
5001888,-9,0,Good
5001888,-10,0,Good
5001888,-11,0,Good
5001888,-12,0,Good
5001888,-13,0,Good
5001888,-14,0,Good
5001888,-15,0,Good
5001888,-16,0,Good
5001888,-17,0,Good
5001888,-18,1,Good
5001888,-19,1,Good
5001888,-20,0,Good
5001888,-21,0,Good
5001888,-22,0,Good
5001888,-23,0,Good
5001888,-24,0,Good
5001888,-25,0,Good
5001888,-26,0,Good
5001888,-27,0,Good
5001888,-28,0,Good
5001888,-29,0,Good
5001888,-30,0,Good
5001888,-31,0,Good
5001888,-32,0,Good
5001888,-33,0,Good
5001888,-34,0,Good
5001888,-35,0,Good
5001888,-36,0,Good
5001888,-37,0,Good
5001888,-38,0,Good
5001888,-39,0,Good
5001888,-40,0,Good
5001888,-41,0,Good
5001888,-42,0,Good
5001888,-43,0,Good
5001888,-44,0,Good
5001888,-45,0,Good
5001888,-46,0,Good
5001888,-47,0,Good
5001888,-48,0,Good
5001888,-49,0,Good
5001888,-50,0,Good
5001888,-51,0,Good
5001888,-52,0,Good
5001888,-53,0,Good
5001888,-54,X,Good
5001889,0,0,Good
5001889,-1,0,Good
5001889,-2,0,Good
5001889,-3,0,Good
5001889,-4,0,Good
5001889,-5,0,Good
5001889,-6,0,Good
5001889,-7,0,Good
5001889,-8,0,Good
5001889,-9,0,Good
5001889,-10,0,Good
5001889,-11,0,Good
5001889,-12,0,Good
5001889,-13,0,Good
5001889,-14,0,Good
5001889,-15,0,Good
5001889,-16,0,Good
5001889,-17,0,Good
5001889,-18,0,Good
5001889,-19,0,Good
5001889,-20,0,Good
5001889,-21,0,Good
5001889,-22,0,Good
5001889,-23,0,Good
5001889,-24,0,Good
5001889,-25,0,Good
5001889,-26,0,Good
5001889,-27,0,Good
5001889,-28,0,Good
5001889,-29,0,Good
5001889,-30,0,Good
5001889,-31,0,Good
5001889,-32,0,Good
5001889,-33,0,Good
5001889,-34,0,Good
5001889,-35,0,Good
5001889,-36,0,Good
5001889,-37,0,Good
5001889,-38,0,Good
5001889,-39,0,Good
5001889,-40,0,Good
5001890,0,C,Good
5001890,-1,C,Good
5001890,-2,C,Good
5001890,-3,C,Good
5001890,-4,C,Good
5001890,-5,C,Good
5001890,-6,C,Good
5001890,-7,C,Good
5001890,-8,C,Good
5001890,-9,C,Good
5001890,-10,C,Good
5001890,-11,C,Good
5001890,-12,C,Good
5001890,-13,C,Good
5001890,-14,C,Good
5001890,-15,C,Good
5001890,-16,C,Good
5001890,-17,C,Good
5001890,-18,C,Good
5001890,-19,0,Good
5001890,-20,0,Good
5001890,-21,0,Good
5001890,-22,0,Good
5001890,-23,0,Good
5001890,-24,0,Good
5001891,0,C,Good
5001891,-1,C,Good
5001891,-2,C,Good
5001891,-3,C,Good
5001891,-4,C,Good
5001891,-5,C,Good
5001891,-6,C,Good
5001891,-7,C,Good
5001891,-8,C,Good
5001891,-9,C,Good
5001891,-10,C,Good
5001891,-11,C,Good
5001891,-12,C,Good
5001891,-13,C,Good
5001891,-14,C,Good
5001891,-15,C,Good
5001891,-16,C,Good
5001891,-17,C,Good
5001891,-18,C,Good
5001891,-19,C,Good
5001891,-20,C,Good
5001891,-21,C,Good
5001891,-22,C,Good
5001891,-23,C,Good
5001891,-24,C,Good
5001891,-25,C,Good
5001891,-26,C,Good
5001891,-27,C,Good
5001891,-28,C,Good
5001891,-29,C,Good
5001891,-30,C,Good
5001891,-31,C,Good
5001891,-32,C,Good
5001891,-33,C,Good
5001891,-34,C,Good
5001891,-35,C,Good
5001891,-36,C,Good
5001891,-37,C,Good
5001891,-38,C,Good
5001891,-39,C,Good
5001891,-40,C,Good
5001891,-41,C,Good
5001891,-42,0,Good
5001891,-43,0,Good
5001891,-44,0,Good
5001891,-45,0,Good
5001891,-46,0,Good
5001891,-47,0,Good
5001891,-48,0,Good
5001891,-49,0,Good
5001891,-50,0,Good
5001891,-51,X,Good
5001892,0,C,Good
5001892,-1,C,Good
5001892,-2,C,Good
5001892,-3,C,Good
5001892,-4,C,Good
5001892,-5,C,Good
5001892,-6,C,Good
5001892,-7,C,Good
5001892,-8,C,Good
5001892,-9,C,Good
5001892,-10,C,Good
5001892,-11,C,Good
5001892,-12,C,Good
5001892,-13,C,Good
5001892,-14,C,Good
5001892,-15,C,Good
5001892,-16,C,Good
5001892,-17,C,Good
5001892,-18,C,Good
5001892,-19,C,Good
5001892,-20,C,Good
5001892,-21,C,Good
5001892,-22,C,Good
5001892,-23,C,Good
5001892,-24,C,Good
5001892,-25,C,Good
5001892,-26,C,Good
5001892,-27,C,Good
5001892,-28,C,Good
5001892,-29,C,Good
5001892,-30,C,Good
5001892,-31,C,Good
5001892,-32,C,Good
5001892,-33,C,Good
5001892,-34,C,Good
5001892,-35,C,Good
5001892,-36,C,Good
5001892,-37,C,Good
5001892,-38,C,Good
5001892,-39,C,Good
5001892,-40,C,Good
5001892,-41,C,Good
5001892,-42,C,Good
5001892,-43,C,Good
5001892,-44,C,Good
5001892,-45,C,Good
5001892,-46,C,Good
5001892,-47,C,Good
5001892,-48,C,Good
5001892,-49,C,Good
5001892,-50,C,Good
5001892,-51,X,Good
5001892,-52,X,Good
5001892,-53,X,Good
5001892,-54,X,Good
5001893,0,X,Good
5001893,-1,X,Good
5001893,-2,X,Good
5001893,-3,X,Good
5001893,-4,X,Good
5001893,-5,X,Good
5001893,-6,0,Good
5001893,-7,0,Good
5001893,-8,X,Good
5001893,-9,X,Good
5001893,-10,0,Good
5001893,-11,X,Good
5001893,-12,X,Good
5001893,-13,X,Good
5001893,-14,X,Good
5001894,0,X,Good
5001894,-1,X,Good
5001894,-2,X,Good
5001894,-3,X,Good
5001894,-4,X,Good
5001894,-5,X,Good
5001894,-6,X,Good
5001894,-7,X,Good
5001894,-8,X,Good
5001894,-9,X,Good
5001894,-10,X,Good
5001894,-11,X,Good
5001894,-12,X,Good
5001894,-13,X,Good
5001894,-14,X,Good
5001894,-15,X,Good
5001894,-16,X,Good
5001894,-17,X,Good
5001894,-18,X,Good
5001894,-19,X,Good
5001894,-20,0,Good
5001894,-21,X,Good
5001894,-22,0,Good
5001894,-23,X,Good
5001894,-24,X,Good
5001894,-25,X,Good
5001894,-26,X,Good
5001894,-27,X,Good
5001894,-28,X,Good
5001894,-29,X,Good
5001894,-30,X,Good
5001894,-31,X,Good
5001894,-32,X,Good
5001894,-33,X,Good
5001894,-34,X,Good
5001894,-35,X,Good
5001894,-36,X,Good
5001894,-37,X,Good
5001894,-38,X,Good
5001894,-39,X,Good
5001894,-40,X,Good
5001894,-41,X,Good
5001894,-42,X,Good
5001894,-43,X,Good
5001894,-44,0,Good
5001894,-45,0,Good
5001894,-46,0,Good
5001894,-47,0,Good
5001894,-48,0,Good
5001894,-49,0,Good
5001894,-50,0,Good
5001895,0,C,Good
5001895,-1,C,Good
5001895,-2,C,Good
5001895,-3,C,Good
5001895,-4,C,Good
5001895,-5,C,Good
5001895,-6,C,Good
5001895,-7,C,Good
5001895,-8,C,Good
5001895,-9,C,Good
5001895,-10,C,Good
5001895,-11,C,Good
5001895,-12,C,Good
5001895,-13,C,Good
5001895,-14,C,Good
5001895,-15,C,Good
5001895,-16,C,Good
5001895,-17,C,Good
5001895,-18,C,Good
5001895,-19,C,Good
5001895,-20,C,Good
5001895,-21,C,Good
5001895,-22,C,Good
5001895,-23,C,Good
5001895,-24,C,Good
5001895,-25,C,Good
5001895,-26,C,Good
5001895,-27,0,Good
5001895,-28,0,Good
5001895,-29,0,Good
5001895,-30,0,Good
5001895,-31,0,Good
5001895,-32,0,Good
5001895,-33,X,Good
5001896,0,C,Good
5001896,-1,C,Good
5001896,-2,C,Good
5001896,-3,C,Good
5001896,-4,C,Good
5001896,-5,C,Good
5001896,-6,C,Good
5001896,-7,C,Good
5001896,-8,C,Good
5001896,-9,0,Good
5001896,-10,0,Good
5001896,-11,0,Good
5001896,-12,1,Good
5001896,-13,0,Good
5001896,-14,0,Good
5001896,-15,0,Good
5001897,0,0,Good
5001897,-1,0,Good
5001897,-2,0,Good
5001897,-3,X,Good
5001898,0,C,Good
5001898,-1,C,Good
5001898,-2,C,Good
5001898,-3,C,Good
5001898,-4,0,Good
5001898,-5,0,Good
5001898,-6,0,Good
5001898,-7,0,Good
5001898,-8,0,Good
5001898,-9,X,Good
5001898,-10,X,Good
5001898,-11,0,Good
5001898,-12,0,Good
5001898,-13,X,Good
5001898,-14,0,Good
5001898,-15,X,Good
5001898,-16,0,Good
5001898,-17,X,Good
5001898,-18,X,Good
5001898,-19,X,Good
5001898,-20,X,Good
5001898,-21,X,Good
5001898,-22,X,Good
5001898,-23,0,Good
5001898,-24,0,Good
5001898,-25,0,Good
5001898,-26,X,Good
5001899,0,X,Good
5001899,-1,X,Good
5001899,-2,X,Good
5001899,-3,X,Good
5001899,-4,X,Good
5001899,-5,X,Good
5001899,-6,X,Good
5001899,-7,X,Good
5001899,-8,X,Good
5001899,-9,X,Good
5001899,-10,X,Good
5001899,-11,X,Good
5001899,-12,X,Good
5001899,-13,X,Good
5001899,-14,X,Good
5001899,-15,X,Good
5001899,-16,X,Good
5001899,-17,X,Good
5001899,-18,X,Good
5001899,-19,X,Good
5001899,-20,X,Good
5001899,-21,X,Good
5001899,-22,X,Good
5001899,-23,0,Good
5001899,-24,X,Good
5001899,-25,X,Good
5001899,-26,X,Good
5001899,-27,0,Good
5001899,-28,X,Good
5001899,-29,X,Good
5001899,-30,X,Good
5001899,-31,0,Good
5001899,-32,X,Good
5001899,-33,X,Good
5001899,-34,X,Good
5001899,-35,X,Good
5001899,-36,X,Good
5001899,-37,X,Good
5001899,-38,X,Good
5001899,-39,X,Good
5001899,-40,X,Good
5001899,-41,X,Good
5001900,0,C,Good
5001900,-1,C,Good
5001900,-2,C,Good
5001900,-3,C,Good
5001900,-4,C,Good
5001900,-5,C,Good
5001900,-6,C,Good
5001900,-7,C,Good
5001900,-8,C,Good
5001900,-9,C,Good
5001900,-10,C,Good
5001900,-11,C,Good
5001900,-12,C,Good
5001900,-13,C,Good
5001900,-14,C,Good
5001900,-15,C,Good
5001900,-16,C,Good
5001900,-17,C,Good
5001900,-18,C,Good
5001900,-19,C,Good
5001900,-20,C,Good
5001900,-21,C,Good
5001900,-22,C,Good
5001900,-23,C,Good
5001900,-24,C,Good
5001900,-25,C,Good
5001900,-26,C,Good
5001900,-27,C,Good
5001900,-28,C,Good
5001900,-29,C,Good
5001900,-30,C,Good
5001900,-31,C,Good
5001900,-32,C,Good
5001900,-33,C,Good
5001900,-34,C,Good
5001900,-35,C,Good
5001900,-36,C,Good
5001900,-37,C,Good
5001900,-38,C,Good
5001900,-39,C,Good
5001900,-40,C,Good
5001900,-41,C,Good
5001900,-42,0,Good
5001900,-43,0,Good
5001900,-44,0,Good
5001900,-45,0,Good
5001900,-46,0,Good
5001900,-47,0,Good
5001900,-48,0,Good
5001900,-49,0,Good
5001900,-50,0,Good
5001900,-51,0,Good
5001900,-52,0,Good
5001900,-53,0,Good
5001900,-54,0,Good
5001900,-55,0,Good
5001901,0,C,Good
5001901,-1,C,Good
5001901,-2,C,Good
5001901,-3,C,Good
5001901,-4,C,Good
5001901,-5,C,Good
5001901,-6,C,Good
5001901,-7,C,Good
5001901,-8,C,Good
5001901,-9,C,Good
5001901,-10,C,Good
5001901,-11,C,Good
5001901,-12,C,Good
5001901,-13,C,Good
5001901,-14,C,Good
5001901,-15,C,Good
5001901,-16,C,Good
5001901,-17,C,Good
5001901,-18,C,Good
5001901,-19,C,Good
5001901,-20,C,Good
5001901,-21,C,Good
5001901,-22,C,Good
5001901,-23,C,Good
5001901,-24,C,Good
5001901,-25,C,Good
5001901,-26,C,Good
5001901,-27,C,Good
5001901,-28,C,Good
5001901,-29,X,Good
5001901,-30,X,Good
5001901,-31,0,Good
5001901,-32,0,Good
5001901,-33,0,Good
5001901,-34,0,Good
5001901,-35,X,Good
5001901,-36,0,Good
5001901,-37,0,Good
5001901,-38,X,Good
5001901,-39,X,Good
5001901,-40,X,Good
5001901,-41,X,Good
5001901,-42,X,Good
5001902,0,X,Good
5001902,-1,0,Good
5001902,-2,0,Good
5001902,-3,0,Good
5001904,0,X,Good
5001904,-1,X,Good
5001904,-2,X,Good
5001904,-3,X,Good
5001904,-4,X,Good
5001904,-5,X,Good
5001904,-6,X,Good
5001904,-7,X,Good
5001904,-8,X,Good
5001904,-9,X,Good
5001904,-10,X,Good
5001904,-11,X,Good
5001904,-12,X,Good
5001904,-13,X,Good
5001904,-14,X,Good
5001904,-15,X,Good
5001904,-16,X,Good
5001904,-17,X,Good
5001904,-18,X,Good
5001904,-19,X,Good
5001904,-20,X,Good
5001904,-21,X,Good
5001904,-22,X,Good
5001904,-23,X,Good
5001904,-24,X,Good
5001904,-25,X,Good
5001904,-26,X,Good
5001904,-27,X,Good
5001904,-28,X,Good
5001904,-29,X,Good
5001904,-30,X,Good
5001904,-31,X,Good
5001904,-32,X,Good
5001904,-33,X,Good
5001904,-34,X,Good
5001904,-35,0,Good
5001904,-36,X,Good
5001904,-37,X,Good
5001904,-38,X,Good
5001904,-39,X,Good
5001904,-40,X,Good
5001904,-41,X,Good
5001904,-42,X,Good
5001904,-43,X,Good
5001904,-44,X,Good
5001904,-45,X,Good
5001904,-46,X,Good
5001904,-47,X,Good
5001904,-48,X,Good
5001904,-49,X,Good
5001904,-50,X,Good
5001905,0,C,Good
5001905,-1,C,Good
5001905,-2,C,Good
5001905,-3,C,Good
5001905,-4,C,Good
5001905,-5,C,Good
5001905,-6,C,Good
5001905,-7,C,Good
5001905,-8,C,Good
5001905,-9,C,Good
5001905,-10,C,Good
5001905,-11,C,Good
5001905,-12,C,Good
5001905,-13,C,Good
5001905,-14,C,Good
5001905,-15,C,Good
5001905,-16,C,Good
5001905,-17,C,Good
5001905,-18,C,Good
5001905,-19,C,Good
5001905,-20,C,Good
5001905,-21,C,Good
5001905,-22,C,Good
5001905,-23,C,Good
5001905,-24,C,Good
5001905,-25,C,Good
5001905,-26,C,Good
5001905,-27,C,Good
5001905,-28,C,Good
5001905,-29,C,Good
5001905,-30,C,Good
5001905,-31,C,Good
5001905,-32,C,Good
5001905,-33,C,Good
5001905,-34,C,Good
5001905,-35,C,Good
5001905,-36,C,Good
5001905,-37,C,Good
5001905,-38,C,Good
5001905,-39,C,Good
5001905,-40,C,Good
5001905,-41,C,Good
5001905,-42,0,Good
5001905,-43,0,Good
5001905,-44,0,Good
5001905,-45,0,Good
5001905,-46,0,Good
5001905,-47,0,Good
5001905,-48,0,Good
5001905,-49,0,Good
5001905,-50,0,Good
5001905,-51,0,Good
5001905,-52,0,Good
5001905,-53,0,Good
5001905,-54,X,Good
5001905,-55,X,Good
5001906,0,C,Good
5001906,-1,C,Good
5001906,-2,C,Good
5001906,-3,C,Good
5001906,-4,C,Good
5001906,-5,C,Good
5001906,-6,C,Good
5001906,-7,C,Good
5001906,-8,C,Good
5001906,-9,C,Good
5001906,-10,C,Good
5001906,-11,C,Good
5001906,-12,C,Good
5001906,-13,C,Good
5001906,-14,C,Good
5001906,-15,C,Good
5001906,-16,C,Good
5001906,-17,C,Good
5001906,-18,C,Good
5001906,-19,C,Good
5001906,-20,C,Good
5001906,-21,C,Good
5001906,-22,C,Good
5001906,-23,C,Good
5001906,-24,C,Good
5001906,-25,C,Good
5001906,-26,C,Good
5001906,-27,C,Good
5001906,-28,C,Good
5001906,-29,C,Good
5001906,-30,C,Good
5001906,-31,C,Good
5001906,-32,C,Good
5001906,-33,C,Good
5001906,-34,C,Good
5001906,-35,C,Good
5001906,-36,C,Good
5001906,-37,C,Good
5001906,-38,C,Good
5001906,-39,C,Good
5001906,-40,C,Good
5001906,-41,0,Good
5001906,-42,0,Good
5001906,-43,0,Good
5001906,-44,0,Good
5001906,-45,0,Good
5001906,-46,0,Good
5001906,-47,0,Good
5001906,-48,0,Good
5001906,-49,0,Good
5001906,-50,0,Good
5001907,0,X,Good
5001907,-1,0,Good
5001907,-2,0,Good
5001907,-3,0,Good
5001907,-4,X,Good
5001908,0,0,Good
5001909,0,0,Good
5001910,0,C,Good
5001910,-1,C,Good
5001910,-2,0,Good
5001911,0,C,Good
5001911,-1,C,Good
5001911,-2,C,Good
5001911,-3,C,Good
5001911,-4,0,Good
5001912,0,C,Good
5001912,-1,C,Good
5001912,-2,C,Good
5001912,-3,C,Good
5001912,-4,C,Good
5001912,-5,C,Good
5001913,0,C,Good
5001913,-1,C,Good
5001913,-2,C,Good
5001913,-3,C,Good
5001913,-4,C,Good
5001913,-5,C,Good
5001913,-6,C,Good
5001913,-7,C,Good
5001913,-8,C,Good
5001913,-9,C,Good
5001913,-10,X,Good
5001914,0,C,Good
5001914,-1,C,Good
5001914,-2,C,Good
5001914,-3,C,Good
5001914,-4,C,Good
5001914,-5,C,Good
5001914,-6,C,Good
5001914,-7,C,Good
5001914,-8,C,Good
5001914,-9,C,Good
5001914,-10,C,Good
5001914,-11,0,Good
5001915,0,X,Good
5001915,-1,X,Good
5001915,-2,X,Good
5001915,-3,X,Good
5001915,-4,X,Good
5001915,-5,X,Good
5001915,-6,X,Good
5001915,-7,X,Good
5001915,-8,X,Good
5001915,-9,0,Good
5001915,-10,X,Good
5001916,0,X,Good
5001916,-1,X,Good
5001916,-2,X,Good
5001916,-3,X,Good
5001916,-4,X,Good
5001916,-5,X,Good
5001916,-6,X,Good
5001916,-7,X,Good
5001916,-8,X,Good
5001916,-9,X,Good
5001916,-10,0,Good
5001917,0,X,Good
5001917,-1,X,Good
5001917,-2,X,Good
5001917,-3,X,Good
5001917,-4,X,Good
5001917,-5,X,Good
5001917,-6,X,Good
5001917,-7,X,Good
5001917,-8,X,Good
5001917,-9,X,Good
5001917,-10,0,Good
5001918,0,C,Good
5001918,-1,C,Good
5001918,-2,C,Good
5001918,-3,C,Good
5001918,-4,1,Good
5001918,-5,1,Good
5001918,-6,1,Good
5001918,-7,1,Good
5001918,-8,0,Good
5001918,-9,0,Good
5001918,-10,0,Good
5001918,-11,0,Good
5001918,-12,0,Good
5001918,-13,0,Good
5001918,-14,0,Good
5001919,0,C,Good
5001919,-1,C,Good
5001919,-2,C,Good
5001919,-3,C,Good
5001919,-4,C,Good
5001919,-5,C,Good
5001919,-6,C,Good
5001919,-7,C,Good
5001919,-8,C,Good
5001919,-9,C,Good
5001919,-10,C,Good
5001919,-11,C,Good
5001919,-12,C,Good
5001919,-13,C,Good
5001919,-14,C,Good
5001919,-15,0,Good
5001919,-16,0,Good
5001919,-17,0,Good
5001919,-18,0,Good
5001919,-19,0,Good
5001920,0,0,Good
5001920,-1,0,Good
5001920,-2,0,Good
5001920,-3,0,Good
5001920,-4,0,Good
5001920,-5,0,Good
5001920,-6,0,Good
5001920,-7,0,Good
5001920,-8,0,Good
5001920,-9,0,Good
5001920,-10,0,Good
5001920,-11,0,Good
5001920,-12,0,Good
5001920,-13,0,Good
5001920,-14,0,Good
5001920,-15,0,Good
5001921,0,C,Good
5001921,-1,C,Good
5001921,-2,C,Good
5001921,-3,C,Good
5001921,-4,C,Good
5001921,-5,C,Good
5001921,-6,C,Good
5001921,-7,C,Good
5001921,-8,X,Good
5001921,-9,0,Good
5001921,-10,0,Good
5001921,-11,X,Good
5001921,-12,0,Good
5001921,-13,0,Good
5001921,-14,0,Good
5001921,-15,X,Good
5001921,-16,0,Good
5001921,-17,X,Good
5001921,-18,0,Good
5001921,-19,0,Good
5001922,0,C,Good
5001922,-1,C,Good
5001922,-2,C,Good
5001922,-3,C,Good
5001922,-4,C,Good
5001922,-5,C,Good
5001922,-6,C,Good
5001922,-7,C,Good
5001922,-8,C,Good
5001922,-9,C,Good
5001922,-10,C,Good
5001922,-11,C,Good
5001922,-12,C,Good
5001922,-13,C,Good
5001922,-14,C,Good
5001922,-15,C,Good
5001922,-16,C,Good
5001922,-17,C,Good
5001922,-18,C,Good
5001922,-19,0,Good
5001922,-20,X,Good
5001922,-21,X,Good
5001922,-22,0,Good
5001922,-23,1,Good
5001922,-24,X,Good
5001922,-25,0,Good
5001922,-26,X,Good
5001922,-27,0,Good
5001922,-28,X,Good
5001922,-29,X,Good
5001922,-30,X,Good
5001922,-31,0,Good
5001922,-32,0,Good
5001922,-33,0,Good
5001922,-34,X,Good
5001922,-35,X,Good
5001923,0,C,Good
5001923,-1,C,Good
5001923,-2,C,Good
5001923,-3,C,Good
5001923,-4,C,Good
5001923,-5,C,Good
5001923,-6,C,Good
5001923,-7,C,Good
5001923,-8,C,Good
5001923,-9,C,Good
5001923,-10,C,Good
5001923,-11,C,Good
5001923,-12,C,Good
5001923,-13,C,Good
5001923,-14,C,Good
5001923,-15,C,Good
5001923,-16,C,Good
5001923,-17,C,Good
5001923,-18,C,Good
5001923,-19,C,Good
5001923,-20,C,Good
5001923,-21,C,Good
5001923,-22,C,Good
5001923,-23,C,Good
5001923,-24,C,Good
5001923,-25,C,Good
5001923,-26,C,Good
5001923,-27,C,Good
5001923,-28,C,Good
5001923,-29,C,Good
5001923,-30,C,Good
5001923,-31,C,Good
5001923,-32,C,Good
5001923,-33,C,Good
5001923,-34,C,Good
5001923,-35,C,Good
5001923,-36,C,Good
5001923,-37,C,Good
5001923,-38,1,Good
5001923,-39,1,Good
5001923,-40,0,Good
5001923,-41,1,Good
5001923,-42,0,Good
5001923,-43,0,Good
5001923,-44,0,Good
5001923,-45,0,Good
5001923,-46,0,Good
5001923,-47,0,Good
5001924,0,0,Good
5001924,-1,X,Good
5001924,-2,X,Good
5001925,0,X,Good
5001925,-1,0,Good
5001925,-2,X,Good
5001926,0,0,Good
5001926,-1,0,Good
5001926,-2,1,Good
5001926,-3,0,Good
5001926,-4,X,Good
5001926,-5,0,Good
5001926,-6,0,Good
5001926,-7,X,Good
5001927,0,0,Good
5001927,-1,0,Good
5001927,-2,1,Good
5001927,-3,0,Good
5001927,-4,0,Good
5001927,-5,X,Good
5001927,-6,X,Good
5001927,-7,0,Good
5001927,-8,X,Good
5001927,-9,X,Good
5001927,-10,X,Good
5001927,-11,X,Good
5001927,-12,0,Good
5001927,-13,X,Good
5001927,-14,0,Good
5001927,-15,X,Good
5001927,-16,0,Good
5001927,-17,X,Good
5001927,-18,0,Good
5001927,-19,0,Good
5001927,-20,X,Good
5001927,-21,X,Good
5001927,-22,0,Good
5001927,-23,1,Good
5001927,-24,X,Good
5001927,-25,0,Good
5001927,-26,X,Good
5001927,-27,0,Good
5001927,-28,X,Good
5001927,-29,X,Good
5001927,-30,X,Good
5001927,-31,0,Good
5001927,-32,X,Good
5001927,-33,X,Good
5001927,-34,X,Good
5001927,-35,0,Good
5001927,-36,0,Good
5001927,-37,0,Good
5001927,-38,X,Good
5001927,-39,0,Good
5001927,-40,X,Good
5001927,-41,0,Good
5001927,-42,X,Good
5001927,-43,0,Good
5001927,-44,0,Good
5001927,-45,X,Good
5001927,-46,0,Good
5001931,0,X,Good
5001931,-1,X,Good
5001931,-2,X,Good
5001931,-3,X,Good
5001931,-4,X,Good
5001931,-5,X,Good
5001931,-6,0,Good
5001931,-7,0,Good
5001931,-8,0,Good
5001931,-9,0,Good
5001931,-10,0,Good
5001931,-11,X,Good
5001932,0,X,Good
5001932,-1,X,Good
5001932,-2,X,Good
5001932,-3,X,Good
5001932,-4,X,Good
5001932,-5,X,Good
5001932,-6,0,Good
5001932,-7,0,Good
5001932,-8,0,Good
5001932,-9,0,Good
5001932,-10,0,Good
5001932,-11,0,Good
5001932,-12,0,Good
5001932,-13,0,Good
5001932,-14,0,Good
5001932,-15,0,Good
5001932,-16,0,Good
5001932,-17,0,Good
5001932,-18,0,Good
5001932,-19,0,Good
5001932,-20,0,Good
5001932,-21,0,Good
5001932,-22,0,Good
5001932,-23,0,Good
5001932,-24,0,Good
5001932,-25,0,Good
5001932,-26,0,Good
5001932,-27,0,Good
5001932,-28,X,Good
5001932,-29,0,Good
5001932,-30,0,Good
5001933,0,C,Good
5001933,-1,C,Good
5001933,-2,C,Good
5001933,-3,C,Good
5001933,-4,C,Good
5001933,-5,C,Good
5001933,-6,C,Good
5001933,-7,C,Good
5001933,-8,C,Good
5001933,-9,C,Good
5001933,-10,C,Good
5001933,-11,C,Good
5001933,-12,C,Good
5001933,-13,C,Good
5001933,-14,C,Good
5001933,-15,C,Good
5001933,-16,C,Good
5001933,-17,C,Good
5001933,-18,C,Good
5001933,-19,C,Good
5001933,-20,C,Good
5001933,-21,C,Good
5001933,-22,C,Good
5001933,-23,C,Good
5001933,-24,C,Good
5001933,-25,C,Good
5001933,-26,C,Good
5001933,-27,1,Good
5001933,-28,0,Good
5001936,0,C,Good
5001936,-1,C,Good
5001936,-2,C,Good
5001936,-3,C,Good
5001936,-4,C,Good
5001936,-5,C,Good
5001936,-6,C,Good
5001936,-7,C,Good
5001936,-8,C,Good
5001936,-9,C,Good
5001936,-10,C,Good
5001936,-11,C,Good
5001936,-12,C,Good
5001936,-13,C,Good
5001936,-14,C,Good
5001936,-15,0,Good
5001936,-16,0,Good
5001936,-17,0,Good
5001936,-18,0,Good
5001936,-19,0,Good
5001936,-20,0,Good
5001936,-21,0,Good
5001936,-22,0,Good
5001936,-23,0,Good
5001936,-24,0,Good
5001936,-25,0,Good
5001936,-26,0,Good
5001936,-27,0,Good
5001936,-28,0,Good
5001936,-29,0,Good
5001936,-30,0,Good
5001936,-31,0,Good
5001936,-32,0,Good
5001936,-33,0,Good
5001936,-34,0,Good
5001936,-35,0,Good
5001936,-36,0,Good
5001936,-37,0,Good
5001936,-38,0,Good
5001936,-39,0,Good
5001936,-40,0,Good
5001940,0,C,Good
5001940,-1,C,Good
5001940,-2,C,Good
5001940,-3,C,Good
5001940,-4,C,Good
5001940,-5,C,Good
5001940,-6,C,Good
5001940,-7,C,Good
5001940,-8,C,Good
5001940,-9,C,Good
5001940,-10,C,Good
5001940,-11,0,Good
5001940,-12,0,Good
5001940,-13,0,Good
5001940,-14,0,Good
5001940,-15,0,Good
5001940,-16,0,Good
5001940,-17,0,Good
5001940,-18,0,Good
5001940,-19,0,Good
5001940,-20,0,Good
5001940,-21,0,Good
5001940,-22,0,Good
5001940,-23,0,Good
5001940,-24,0,Good
5001940,-25,0,Good
5001940,-26,0,Good
5001940,-27,0,Good
5001940,-28,0,Good
5001940,-29,0,Good
5001940,-30,0,Good
5001941,0,C,Good
5001941,-1,C,Good
5001941,-2,C,Good
5001941,-3,C,Good
5001941,-4,C,Good
5001941,-5,C,Good
5001941,-6,C,Good
5001941,-7,C,Good
5001941,-8,C,Good
5001941,-9,C,Good
5001941,-10,C,Good
5001941,-11,C,Good
5001941,-12,C,Good
5001941,-13,C,Good
5001941,-14,C,Good
5001941,-15,C,Good
5001941,-16,C,Good
5001941,-17,C,Good
5001941,-18,C,Good
5001941,-19,C,Good
5001941,-20,C,Good
5001941,-21,C,Good
5001941,-22,C,Good
5001941,-23,C,Good
5001941,-24,0,Good
5001941,-25,0,Good
5001941,-26,0,Good
5001941,-27,0,Good
5001941,-28,0,Good
5001941,-29,0,Good
5001941,-30,0,Good
5001941,-31,0,Good
5001941,-32,0,Good
5001941,-33,0,Good
5001941,-34,0,Good
5001941,-35,0,Good
5001941,-36,0,Good
5001941,-37,0,Good
5001941,-38,0,Good
5001941,-39,0,Good
5001941,-40,0,Good
5001941,-41,0,Good
5001941,-42,0,Good
5001941,-43,0,Good
5001941,-44,0,Good
5001941,-45,0,Good
5001941,-46,0,Good
5001941,-47,0,Good
5001941,-48,0,Good
5001941,-49,0,Good
5001941,-50,0,Good
5001941,-51,0,Good
5001941,-52,0,Good
5001941,-53,0,Good
5001941,-54,0,Good
5001941,-55,0,Good
5001941,-56,0,Good
5001941,-57,0,Good
5001941,-58,0,Good
5001941,-59,0,Good
5001942,0,C,Good
5001942,-1,C,Good
5001942,-2,C,Good
5001942,-3,C,Good
5001942,-4,C,Good
5001942,-5,C,Good
5001942,-6,C,Good
5001942,-7,C,Good
5001942,-8,C,Good
5001942,-9,C,Good
5001942,-10,C,Good
5001942,-11,C,Good
5001942,-12,C,Good
5001942,-13,C,Good
5001942,-14,C,Good
5001942,-15,C,Good
5001942,-16,C,Good
5001942,-17,C,Good
5001942,-18,C,Good
5001942,-19,C,Good
5001942,-20,C,Good
5001942,-21,C,Good
5001942,-22,C,Good
5001942,-23,C,Good
5001942,-24,C,Good
5001942,-25,C,Good
5001942,-26,C,Good
5001942,-27,C,Good
5001942,-28,C,Good
5001942,-29,C,Good
5001942,-30,C,Good
5001942,-31,C,Good
5001942,-32,C,Good
5001942,-33,C,Good
5001942,-34,C,Good
5001942,-35,C,Good
5001942,-36,C,Good
5001942,-37,C,Good
5001942,-38,C,Good
5001942,-39,C,Good
5001942,-40,C,Good
5001942,-41,C,Good
5001942,-42,C,Good
5001942,-43,C,Good
5001942,-44,C,Good
5001942,-45,0,Good
5001942,-46,0,Good
5001942,-47,0,Good
5001942,-48,0,Good
5001942,-49,0,Good
5001942,-50,0,Good
5001942,-51,0,Good
5001942,-52,0,Good
5001942,-53,0,Good
5001942,-54,0,Good
5001943,0,C,Good
5001943,-1,C,Good
5001943,-2,C,Good
5001943,-3,C,Good
5001943,-4,C,Good
5001943,-5,C,Good
5001943,-6,C,Good
5001943,-7,C,Good
5001943,-8,C,Good
5001943,-9,C,Good
5001943,-10,C,Good
5001943,-11,C,Good
5001943,-12,C,Good
5001943,-13,C,Good
5001943,-14,C,Good
5001943,-15,C,Good
5001943,-16,C,Good
5001943,-17,C,Good
5001943,-18,C,Good
5001943,-19,C,Good
5001943,-20,C,Good
5001943,-21,C,Good
5001943,-22,C,Good
5001943,-23,C,Good
5001943,-24,C,Good
5001943,-25,C,Good
5001943,-26,C,Good
5001943,-27,C,Good
5001943,-28,C,Good
5001943,-29,C,Good
5001943,-30,C,Good
5001943,-31,C,Good
5001943,-32,C,Good
5001943,-33,C,Good
5001943,-34,C,Good
5001943,-35,C,Good
5001943,-36,C,Good
5001943,-37,C,Good
5001943,-38,C,Good
5001943,-39,0,Good
5001943,-40,X,Good
5001943,-41,0,Good
5001943,-42,X,Good
5001943,-43,0,Good
5001943,-44,X,Good
5001943,-45,X,Good
5001943,-46,0,Good
5001943,-47,0,Good
5001943,-48,X,Good
5001943,-49,0,Good
5001943,-50,0,Good
5001943,-51,0,Good
5001943,-52,0,Good
5001943,-53,0,Good
5001943,-54,X,Good
5001943,-55,X,Good
5001943,-56,X,Good
5001944,0,0,Good
5001944,-1,0,Good
5001944,-2,0,Good
5001944,-3,0,Good
5001944,-4,0,Good
5001944,-5,0,Good
5001944,-6,0,Good
5001944,-7,0,Good
5001944,-8,0,Good
5001944,-9,0,Good
5001944,-10,0,Good
5001944,-11,0,Good
5001944,-12,0,Good
5001944,-13,0,Good
5001944,-14,0,Good
5001944,-15,0,Good
5001944,-16,0,Good
5001944,-17,0,Good
5001944,-18,0,Good
5001944,-19,0,Good
5001944,-20,0,Good
5001944,-21,0,Good
5001944,-22,0,Good
5001944,-23,0,Good
5001945,0,0,Good
5001945,-1,0,Good
5001945,-2,0,Good
5001945,-3,0,Good
5001945,-4,0,Good
5001945,-5,0,Good
5001945,-6,0,Good
5001945,-7,0,Good
5001945,-8,0,Good
5001945,-9,0,Good
5001945,-10,0,Good
5001946,0,0,Good
5001946,-1,0,Good
5001946,-2,0,Good
5001946,-3,0,Good
5001946,-4,0,Good
5001946,-5,0,Good
5001946,-6,0,Good
5001946,-7,0,Good
5001946,-8,0,Good
5001946,-9,0,Good
5001946,-10,0,Good
5001946,-11,0,Good
5001946,-12,0,Good
5001946,-13,0,Good
5001946,-14,0,Good
5001946,-15,0,Good
5001946,-16,0,Good
5001946,-17,0,Good
5001946,-18,0,Good
5001946,-19,0,Good
5001946,-20,0,Good
5001946,-21,0,Good
5001946,-22,0,Good
5001946,-23,0,Good
5001947,0,C,Good
5001947,-1,C,Good
5001947,-2,C,Good
5001947,-3,C,Good
5001947,-4,C,Good
5001947,-5,C,Good
5001947,-6,C,Good
5001947,-7,C,Good
5001947,-8,C,Good
5001947,-9,C,Good
5001947,-10,C,Good
5001947,-11,C,Good
5001947,-12,C,Good
5001947,-13,C,Good
5001947,-14,C,Good
5001947,-15,C,Good
5001947,-16,C,Good
5001947,-17,C,Good
5001947,-18,C,Good
5001947,-19,C,Good
5001947,-20,C,Good
5001947,-21,C,Good
5001947,-22,C,Good
5001947,-23,C,Good
5001947,-24,C,Good
5001947,-25,C,Good
5001947,-26,C,Good
5001947,-27,C,Good
5001947,-28,C,Good
5001947,-29,C,Good
5001947,-30,0,Good
5001947,-31,0,Good
5001947,-32,0,Good
5001947,-33,0,Good
5001947,-34,0,Good
5001947,-35,0,Good
5001947,-36,0,Good
5001947,-37,0,Good
5001948,0,0,Good
5001948,-1,0,Good
5001948,-2,0,Good
5001948,-3,0,Good
5001948,-4,0,Good
5001948,-5,0,Good
5001948,-6,0,Good
5001948,-7,0,Good
5001948,-8,0,Good
5001948,-9,0,Good
5001948,-10,0,Good
5001948,-11,0,Good
5001948,-12,0,Good
5001948,-13,0,Good
5001948,-14,0,Good
5001948,-15,0,Good
5001948,-16,0,Good
5001948,-17,0,Good
5001948,-18,0,Good
5001948,-19,0,Good
5001948,-20,0,Good
5001948,-21,0,Good
5001948,-22,0,Good
5001948,-23,0,Good
5001948,-24,0,Good
5001948,-25,0,Good
5001948,-26,0,Good
5001948,-27,0,Good
5001948,-28,0,Good
5001948,-29,0,Good
5001948,-30,0,Good
5001948,-31,0,Good
5001948,-32,0,Good
5001948,-33,0,Good
5001948,-34,0,Good
5001948,-35,0,Good
5001948,-36,0,Good
5001948,-37,0,Good
5001948,-38,0,Good
5001948,-39,0,Good
5001948,-40,0,Good
5001948,-41,0,Good
5001948,-42,0,Good
5001948,-43,0,Good
5001948,-44,0,Good
5001948,-45,0,Good
5001948,-46,0,Good
5001948,-47,0,Good
5001948,-48,0,Good
5001948,-49,0,Good
5001948,-50,0,Good
5001948,-51,0,Good
5001948,-52,0,Good
5001948,-53,0,Good
5001948,-54,0,Good
5001948,-55,0,Good
5001948,-56,0,Good
5001948,-57,0,Good
5001948,-58,0,Good
5001949,0,X,Good
5001949,-1,X,Good
5001949,-2,X,Good
5001949,-3,X,Good
5001949,-4,X,Good
5001949,-5,X,Good
5001949,-6,X,Good
5001949,-7,X,Good
5001949,-8,X,Good
5001949,-9,X,Good
5001949,-10,X,Good
5001949,-11,X,Good
5001949,-12,X,Good
5001949,-13,X,Good
5001949,-14,X,Good
5001949,-15,X,Good
5001949,-16,X,Good
5001949,-17,X,Good
5001949,-18,X,Good
5001949,-19,X,Good
5001949,-20,X,Good
5001949,-21,X,Good
5001950,0,X,Good
5001950,-1,X,Good
5001950,-2,X,Good
5001950,-3,X,Good
5001950,-4,X,Good
5001950,-5,X,Good
5001950,-6,X,Good
5001950,-7,X,Good
5001950,-8,X,Good
5001950,-9,X,Good
5001950,-10,X,Good
5001951,0,C,Good
5001951,-1,C,Good
5001951,-2,0,Good
5001951,-3,X,Good
5001951,-4,X,Good
5001951,-5,X,Good
5001951,-6,X,Good
5001951,-7,0,Good
5001951,-8,0,Good
5001951,-9,X,Good
5001951,-10,X,Good
5001951,-11,X,Good
5001951,-12,0,Good
5001951,-13,0,Good
5001951,-14,0,Good
5001951,-15,0,Good
5001951,-16,0,Good
5001951,-17,0,Good
5001951,-18,0,Good
